start_date,end_date,value,price
2025-01-07T00:00:00+01:00,2025-01-07T01:00:00+01:00,18522.4,20.88
2025-01-07T01:00:00+01:00,2025-01-07T02:00:00+01:00,18734.3,6.66
2025-01-07T02:00:00+01:00,2025-01-07T03:00:00+01:00,18429.3,12.54
2025-01-07T03:00:00+01:00,2025-01-07T04:00:00+01:00,19179.1,5.59
2025-01-07T04:00:00+01:00,2025-01-07T05:00:00+01:00,18950.1,0.4
2025-01-07T05:00:00+01:00,2025-01-07T06:00:00+01:00,17972.1,12.49
2025-01-07T06:00:00+01:00,2025-01-07T07:00:00+01:00,16254.1,60.01
2025-01-07T07:00:00+01:00,2025-01-07T08:00:00+01:00,17052.6,97.56
2025-01-07T08:00:00+01:00,2025-01-07T09:00:00+01:00,18415.6,115
2025-01-07T09:00:00+01:00,2025-01-07T10:00:00+01:00,18798.6,105.18
2025-01-07T10:00:00+01:00,2025-01-07T11:00:00+01:00,18636.8,93.49
2025-01-07T11:00:00+01:00,2025-01-07T12:00:00+01:00,19165.2,74.93
2025-01-07T12:00:00+01:00,2025-01-07T13:00:00+01:00,19647.6,71.25
2025-01-07T13:00:00+01:00,2025-01-07T14:00:00+01:00,19576.1,73.12
2025-01-07T14:00:00+01:00,2025-01-07T15:00:00+01:00,18329.6,79.76
2025-01-07T15:00:00+01:00,2025-01-07T16:00:00+01:00,17611.5,85
2025-01-07T16:00:00+01:00,2025-01-07T17:00:00+01:00,17469.4,100.64
2025-01-07T17:00:00+01:00,2025-01-07T18:00:00+01:00,17540.1,118.34
2025-01-07T18:00:00+01:00,2025-01-07T19:00:00+01:00,15838.7,128.87
2025-01-07T19:00:00+01:00,2025-01-07T20:00:00+01:00,15256,125
2025-01-07T20:00:00+01:00,2025-01-07T21:00:00+01:00,14172.3,107.24
2025-01-07T21:00:00+01:00,2025-01-07T22:00:00+01:00,14164.7,100.55
2025-01-07T22:00:00+01:00,2025-01-07T23:00:00+01:00,13118.8,98.53
2025-01-07T23:00:00+01:00,2025-01-08T00:00:00+01:00,11055.1,89.27
2025-01-13T00:00:00+01:00,2025-01-13T01:00:00+01:00,14303.9,112.39
2025-01-13T01:00:00+01:00,2025-01-13T02:00:00+01:00,14010.1,105.07
2025-01-13T02:00:00+01:00,2025-01-13T03:00:00+01:00,13586,104.46
2025-01-13T03:00:00+01:00,2025-01-13T04:00:00+01:00,13430.4,100.37
2025-01-13T04:00:00+01:00,2025-01-13T05:00:00+01:00,14053.4,100
2025-01-13T05:00:00+01:00,2025-01-13T06:00:00+01:00,14720.9,109.13
2025-01-13T06:00:00+01:00,2025-01-13T07:00:00+01:00,17532.5,127.14
2025-01-13T07:00:00+01:00,2025-01-13T08:00:00+01:00,19220.8,150.16
2025-01-13T08:00:00+01:00,2025-01-13T09:00:00+01:00,18603.1,186
2025-01-13T09:00:00+01:00,2025-01-13T10:00:00+01:00,20632.6,146.5
2025-01-13T10:00:00+01:00,2025-01-13T11:00:00+01:00,21901.8,128.38
2025-01-13T11:00:00+01:00,2025-01-13T12:00:00+01:00,19900.5,116.13
2025-01-13T12:00:00+01:00,2025-01-13T13:00:00+01:00,19294.1,105.69
2025-01-13T13:00:00+01:00,2025-01-13T14:00:00+01:00,19287.2,100.81
2025-01-13T14:00:00+01:00,2025-01-13T15:00:00+01:00,19138,104.91
2025-01-13T15:00:00+01:00,2025-01-13T16:00:00+01:00,18095.5,112.59
2025-01-13T16:00:00+01:00,2025-01-13T17:00:00+01:00,19050,126.64
2025-01-13T17:00:00+01:00,2025-01-13T18:00:00+01:00,20666.8,148.7
2025-01-13T18:00:00+01:00,2025-01-13T19:00:00+01:00,18818.9,157.07
2025-01-13T19:00:00+01:00,2025-01-13T20:00:00+01:00,18726.1,158.39
2025-01-13T20:00:00+01:00,2025-01-13T21:00:00+01:00,21016.1,141.32
2025-01-13T21:00:00+01:00,2025-01-13T22:00:00+01:00,20351.2,122.59
2025-01-13T22:00:00+01:00,2025-01-13T23:00:00+01:00,19133.7,121.41
2025-01-13T23:00:00+01:00,2025-01-14T00:00:00+01:00,17376.2,120.1
2025-01-14T00:00:00+01:00,2025-01-14T01:00:00+01:00,14648.2,122.19
2025-01-14T01:00:00+01:00,2025-01-14T02:00:00+01:00,13786.9,117.67
2025-01-14T02:00:00+01:00,2025-01-14T03:00:00+01:00,13888.7,114.53
2025-01-14T03:00:00+01:00,2025-01-14T04:00:00+01:00,13678,112.2
2025-01-14T04:00:00+01:00,2025-01-14T05:00:00+01:00,13680.7,112.2
2025-01-14T05:00:00+01:00,2025-01-14T06:00:00+01:00,14442.2,114.34
2025-01-14T06:00:00+01:00,2025-01-14T07:00:00+01:00,17330.7,138.52
2025-01-14T07:00:00+01:00,2025-01-14T08:00:00+01:00,20174.3,161.02
2025-01-14T08:00:00+01:00,2025-01-14T09:00:00+01:00,20238.7,186.54
2025-01-14T09:00:00+01:00,2025-01-14T10:00:00+01:00,20245,152.47
2025-01-14T10:00:00+01:00,2025-01-14T11:00:00+01:00,19681,133.76
2025-01-14T11:00:00+01:00,2025-01-14T12:00:00+01:00,19535.6,114.53
2025-01-14T12:00:00+01:00,2025-01-14T13:00:00+01:00,18779.3,112.37
2025-01-14T13:00:00+01:00,2025-01-14T14:00:00+01:00,17534.3,111.63
2025-01-14T14:00:00+01:00,2025-01-14T15:00:00+01:00,16810.2,116.44
2025-01-14T15:00:00+01:00,2025-01-14T16:00:00+01:00,16883.6,129.11
2025-01-14T16:00:00+01:00,2025-01-14T17:00:00+01:00,17193.6,145.13
2025-01-14T17:00:00+01:00,2025-01-14T18:00:00+01:00,19491.1,169.66
2025-01-14T18:00:00+01:00,2025-01-14T19:00:00+01:00,19517.8,188.31
2025-01-14T19:00:00+01:00,2025-01-14T20:00:00+01:00,18843,189.54
2025-01-14T20:00:00+01:00,2025-01-14T21:00:00+01:00,19506.2,154
2025-01-14T21:00:00+01:00,2025-01-14T22:00:00+01:00,18190.8,127.62
2025-01-14T22:00:00+01:00,2025-01-14T23:00:00+01:00,16826.4,135.31
2025-01-14T23:00:00+01:00,2025-01-15T00:00:00+01:00,15845.3,122.27
2025-01-15T00:00:00+01:00,2025-01-15T01:00:00+01:00,14430.3,119.33
2025-01-15T01:00:00+01:00,2025-01-15T02:00:00+01:00,13593,122.4
2025-01-15T02:00:00+01:00,2025-01-15T03:00:00+01:00,13734.3,118.6
2025-01-15T03:00:00+01:00,2025-01-15T04:00:00+01:00,13151,109.76
2025-01-15T04:00:00+01:00,2025-01-15T05:00:00+01:00,12722.2,111.77
2025-01-15T05:00:00+01:00,2025-01-15T06:00:00+01:00,14432.4,118.13
2025-01-15T06:00:00+01:00,2025-01-15T07:00:00+01:00,17020.8,135.56
2025-01-15T07:00:00+01:00,2025-01-15T08:00:00+01:00,20005.1,192.04
2025-01-15T08:00:00+01:00,2025-01-15T09:00:00+01:00,19616.9,275
2025-01-15T09:00:00+01:00,2025-01-15T10:00:00+01:00,18851.9,250
2025-01-15T10:00:00+01:00,2025-01-15T11:00:00+01:00,19946.3,179.56
2025-01-15T11:00:00+01:00,2025-01-15T12:00:00+01:00,19782.6,169.1
2025-01-15T12:00:00+01:00,2025-01-15T13:00:00+01:00,18423.2,166.26
2025-01-15T13:00:00+01:00,2025-01-15T14:00:00+01:00,18339.5,156.64
2025-01-15T14:00:00+01:00,2025-01-15T15:00:00+01:00,17959.2,143.49
2025-01-15T15:00:00+01:00,2025-01-15T16:00:00+01:00,17755.5,140.65
2025-01-15T16:00:00+01:00,2025-01-15T17:00:00+01:00,18960,135
2025-01-15T17:00:00+01:00,2025-01-15T18:00:00+01:00,20410,191.02
2025-01-15T18:00:00+01:00,2025-01-15T19:00:00+01:00,20665,221.91
2025-01-15T19:00:00+01:00,2025-01-15T20:00:00+01:00,20701.8,215
2025-01-15T20:00:00+01:00,2025-01-15T21:00:00+01:00,20463.3,168.78
2025-01-15T21:00:00+01:00,2025-01-15T22:00:00+01:00,19121.3,150.97
2025-01-15T22:00:00+01:00,2025-01-15T23:00:00+01:00,16705.7,138.77
2025-01-15T23:00:00+01:00,2025-01-16T00:00:00+01:00,15705.9,123.9
2025-01-16T00:00:00+01:00,2025-01-16T01:00:00+01:00,14756.7,124.33
2025-01-16T01:00:00+01:00,2025-01-16T02:00:00+01:00,13850.4,118.41
2025-01-16T02:00:00+01:00,2025-01-16T03:00:00+01:00,13252.5,114
2025-01-16T03:00:00+01:00,2025-01-16T04:00:00+01:00,14162.8,108.58
2025-01-16T04:00:00+01:00,2025-01-16T05:00:00+01:00,14547,108.59
2025-01-16T05:00:00+01:00,2025-01-16T06:00:00+01:00,15220.9,118.1
2025-01-16T06:00:00+01:00,2025-01-16T07:00:00+01:00,17043.5,130.8
2025-01-16T07:00:00+01:00,2025-01-16T08:00:00+01:00,19233.8,148.04
2025-01-16T08:00:00+01:00,2025-01-16T09:00:00+01:00,19406.7,199.94
2025-01-16T09:00:00+01:00,2025-01-16T10:00:00+01:00,19556.4,175
2025-01-16T10:00:00+01:00,2025-01-16T11:00:00+01:00,19472.8,151.9
2025-01-16T11:00:00+01:00,2025-01-16T12:00:00+01:00,18417.2,140.64
2025-01-16T12:00:00+01:00,2025-01-16T13:00:00+01:00,16925.5,131.13
2025-01-16T13:00:00+01:00,2025-01-16T14:00:00+01:00,16964.3,123.84
2025-01-16T14:00:00+01:00,2025-01-16T15:00:00+01:00,17170.7,115.14
2025-01-16T15:00:00+01:00,2025-01-16T16:00:00+01:00,16811.1,119.64
2025-01-16T16:00:00+01:00,2025-01-16T17:00:00+01:00,17044.6,137.69
2025-01-16T17:00:00+01:00,2025-01-16T18:00:00+01:00,19723.4,164.77
2025-01-16T18:00:00+01:00,2025-01-16T19:00:00+01:00,19831.9,184.32
2025-01-16T19:00:00+01:00,2025-01-16T20:00:00+01:00,19237.4,179.97
2025-01-16T20:00:00+01:00,2025-01-16T21:00:00+01:00,19511.8,159.6
2025-01-16T21:00:00+01:00,2025-01-16T22:00:00+01:00,17440.8,142.32
2025-01-16T22:00:00+01:00,2025-01-16T23:00:00+01:00,16322.2,136.02
2025-01-16T23:00:00+01:00,2025-01-17T00:00:00+01:00,14820.4,124.44
2025-01-17T00:00:00+01:00,2025-01-17T01:00:00+01:00,14965.7,124.83
2025-01-17T01:00:00+01:00,2025-01-17T02:00:00+01:00,13318.9,121.32
2025-01-17T02:00:00+01:00,2025-01-17T03:00:00+01:00,13281.2,118.2
2025-01-17T03:00:00+01:00,2025-01-17T04:00:00+01:00,13191.5,117.49
2025-01-17T04:00:00+01:00,2025-01-17T05:00:00+01:00,13915.7,117.26
2025-01-17T05:00:00+01:00,2025-01-17T06:00:00+01:00,15742.3,119.99
2025-01-17T06:00:00+01:00,2025-01-17T07:00:00+01:00,17333.6,140.8
2025-01-17T07:00:00+01:00,2025-01-17T08:00:00+01:00,20560.4,175.01
2025-01-17T08:00:00+01:00,2025-01-17T09:00:00+01:00,20278.8,208.13
2025-01-17T09:00:00+01:00,2025-01-17T10:00:00+01:00,19684.2,175.34
2025-01-17T10:00:00+01:00,2025-01-17T11:00:00+01:00,19312.5,149.39
2025-01-17T11:00:00+01:00,2025-01-17T12:00:00+01:00,18126.8,136
2025-01-17T12:00:00+01:00,2025-01-17T13:00:00+01:00,17348.2,126.44
2025-01-17T13:00:00+01:00,2025-01-17T14:00:00+01:00,17666.1,124.03
2025-01-17T14:00:00+01:00,2025-01-17T15:00:00+01:00,17250.6,119.51
2025-01-17T15:00:00+01:00,2025-01-17T16:00:00+01:00,16475.9,120.02
2025-01-17T16:00:00+01:00,2025-01-17T17:00:00+01:00,17675.4,138.02
2025-01-17T17:00:00+01:00,2025-01-17T18:00:00+01:00,20900.6,172.31
2025-01-17T18:00:00+01:00,2025-01-17T19:00:00+01:00,20134.4,179.92
2025-01-17T19:00:00+01:00,2025-01-17T20:00:00+01:00,20398.1,174.22
2025-01-17T20:00:00+01:00,2025-01-17T21:00:00+01:00,19923.6,157.91
2025-01-17T21:00:00+01:00,2025-01-17T22:00:00+01:00,18890.3,145
2025-01-17T22:00:00+01:00,2025-01-17T23:00:00+01:00,17358.4,139.97
2025-01-17T23:00:00+01:00,2025-01-18T00:00:00+01:00,15913.3,127.05
2025-01-18T00:00:00+01:00,2025-01-18T01:00:00+01:00,16858.4,125.46
2025-01-18T01:00:00+01:00,2025-01-18T02:00:00+01:00,16471.7,121.08
2025-01-18T02:00:00+01:00,2025-01-18T03:00:00+01:00,15006.7,121.06
2025-01-18T03:00:00+01:00,2025-01-18T04:00:00+01:00,15870.9,118.86
2025-01-18T04:00:00+01:00,2025-01-18T05:00:00+01:00,16628.4,116.56
2025-01-18T05:00:00+01:00,2025-01-18T06:00:00+01:00,16789.9,119.78
2025-01-18T06:00:00+01:00,2025-01-18T07:00:00+01:00,17396.7,120
2025-01-18T07:00:00+01:00,2025-01-18T08:00:00+01:00,18040.1,133.8
2025-01-18T08:00:00+01:00,2025-01-18T09:00:00+01:00,18684.5,145.69
2025-01-18T09:00:00+01:00,2025-01-18T10:00:00+01:00,18048.9,144.1
2025-01-18T10:00:00+01:00,2025-01-18T11:00:00+01:00,16699.8,131.7
2025-01-18T11:00:00+01:00,2025-01-18T12:00:00+01:00,16504.3,121.6
2025-01-18T12:00:00+01:00,2025-01-18T13:00:00+01:00,16618.3,118.87
2025-01-18T13:00:00+01:00,2025-01-18T14:00:00+01:00,16021.7,115.01
2025-01-18T14:00:00+01:00,2025-01-18T15:00:00+01:00,16031.4,117.28
2025-01-18T15:00:00+01:00,2025-01-18T16:00:00+01:00,15557.7,113.97
2025-01-18T16:00:00+01:00,2025-01-18T17:00:00+01:00,17043.9,120.9
2025-01-18T17:00:00+01:00,2025-01-18T18:00:00+01:00,19472.4,145.65
2025-01-18T18:00:00+01:00,2025-01-18T19:00:00+01:00,19095.2,167.57
2025-01-18T19:00:00+01:00,2025-01-18T20:00:00+01:00,18839.9,167.85
2025-01-18T20:00:00+01:00,2025-01-18T21:00:00+01:00,19378.3,156.12
2025-01-18T21:00:00+01:00,2025-01-18T22:00:00+01:00,18218.3,143.42
2025-01-18T22:00:00+01:00,2025-01-18T23:00:00+01:00,17530.5,136.4
2025-01-18T23:00:00+01:00,2025-01-19T00:00:00+01:00,16605.7,129.36
2025-01-19T00:00:00+01:00,2025-01-19T01:00:00+01:00,14737.4,129.77
2025-01-19T01:00:00+01:00,2025-01-19T02:00:00+01:00,14320.3,124.35
2025-01-19T02:00:00+01:00,2025-01-19T03:00:00+01:00,13730.7,123.17
2025-01-19T03:00:00+01:00,2025-01-19T04:00:00+01:00,13831.6,121.24
2025-01-19T04:00:00+01:00,2025-01-19T05:00:00+01:00,14118.2,120.18
2025-01-19T05:00:00+01:00,2025-01-19T06:00:00+01:00,14624.5,120
2025-01-19T06:00:00+01:00,2025-01-19T07:00:00+01:00,14764.3,121.59
2025-01-19T07:00:00+01:00,2025-01-19T08:00:00+01:00,14753.3,123.47
2025-01-19T08:00:00+01:00,2025-01-19T09:00:00+01:00,15452.5,123.61
2025-01-19T09:00:00+01:00,2025-01-19T10:00:00+01:00,14678.4,125.33
2025-01-19T10:00:00+01:00,2025-01-19T11:00:00+01:00,15891.8,125.43
2025-01-19T11:00:00+01:00,2025-01-19T12:00:00+01:00,16288.6,122.16
2025-01-19T12:00:00+01:00,2025-01-19T13:00:00+01:00,15901.8,112.25
2025-01-19T13:00:00+01:00,2025-01-19T14:00:00+01:00,14617.5,107.51
2025-01-19T14:00:00+01:00,2025-01-19T15:00:00+01:00,13487.1,116.81
2025-01-19T15:00:00+01:00,2025-01-19T16:00:00+01:00,13944.7,113.41
2025-01-19T16:00:00+01:00,2025-01-19T17:00:00+01:00,15194.2,120.74
2025-01-19T17:00:00+01:00,2025-01-19T18:00:00+01:00,17911.7,143.04
2025-01-19T18:00:00+01:00,2025-01-19T19:00:00+01:00,17881.8,159.68
2025-01-19T19:00:00+01:00,2025-01-19T20:00:00+01:00,18518.5,157.33
2025-01-19T20:00:00+01:00,2025-01-19T21:00:00+01:00,17343.6,150.03
2025-01-19T21:00:00+01:00,2025-01-19T22:00:00+01:00,15861.7,140.38
2025-01-19T22:00:00+01:00,2025-01-19T23:00:00+01:00,14871,131.56
2025-01-19T23:00:00+01:00,2025-01-20T00:00:00+01:00,14763.8,123.12
2025-01-20T00:00:00+01:00,2025-01-20T01:00:00+01:00,14028.9,122.3
2025-01-20T01:00:00+01:00,2025-01-20T02:00:00+01:00,13019.6,119.5
2025-01-20T02:00:00+01:00,2025-01-20T03:00:00+01:00,12536.4,116.57
2025-01-20T03:00:00+01:00,2025-01-20T04:00:00+01:00,12931.5,114.41
2025-01-20T04:00:00+01:00,2025-01-20T05:00:00+01:00,13622.4,115.45
2025-01-20T05:00:00+01:00,2025-01-20T06:00:00+01:00,14737.7,116.1
2025-01-20T06:00:00+01:00,2025-01-20T07:00:00+01:00,16999.1,137.33
2025-01-20T07:00:00+01:00,2025-01-20T08:00:00+01:00,19671,190.26
2025-01-20T08:00:00+01:00,2025-01-20T09:00:00+01:00,20455.6,289
2025-01-20T09:00:00+01:00,2025-01-20T10:00:00+01:00,19429.5,289
2025-01-20T10:00:00+01:00,2025-01-20T11:00:00+01:00,20079.9,236.29
2025-01-20T11:00:00+01:00,2025-01-20T12:00:00+01:00,20108.2,188.28
2025-01-20T12:00:00+01:00,2025-01-20T13:00:00+01:00,19298.5,176.5
2025-01-20T13:00:00+01:00,2025-01-20T14:00:00+01:00,18153.5,171.39
2025-01-20T14:00:00+01:00,2025-01-20T15:00:00+01:00,17663.4,182.73
2025-01-20T15:00:00+01:00,2025-01-20T16:00:00+01:00,18165.3,193.39
2025-01-20T16:00:00+01:00,2025-01-20T17:00:00+01:00,19973.1,235
2025-01-20T17:00:00+01:00,2025-01-20T18:00:00+01:00,19577.2,276.18
2025-01-20T18:00:00+01:00,2025-01-20T19:00:00+01:00,20946.2,473.28
2025-01-20T19:00:00+01:00,2025-01-20T20:00:00+01:00,20954.4,295.57
2025-01-20T20:00:00+01:00,2025-01-20T21:00:00+01:00,19628.6,220
2025-01-20T21:00:00+01:00,2025-01-20T22:00:00+01:00,17335.6,170
2025-01-20T22:00:00+01:00,2025-01-20T23:00:00+01:00,15737.4,153.58
2025-01-20T23:00:00+01:00,2025-01-21T00:00:00+01:00,14784.2,139
2025-01-21T00:00:00+01:00,2025-01-21T01:00:00+01:00,14531.5,136
2025-01-21T01:00:00+01:00,2025-01-21T02:00:00+01:00,14015.3,130.65
2025-01-21T02:00:00+01:00,2025-01-21T03:00:00+01:00,13727.4,124.35
2025-01-21T03:00:00+01:00,2025-01-21T04:00:00+01:00,13503.5,117.05
2025-01-21T04:00:00+01:00,2025-01-21T05:00:00+01:00,13964.3,115.3
2025-01-21T05:00:00+01:00,2025-01-21T06:00:00+01:00,14799.1,123.83
2025-01-21T06:00:00+01:00,2025-01-21T07:00:00+01:00,16300.3,138.86
2025-01-21T07:00:00+01:00,2025-01-21T08:00:00+01:00,20144.1,190
2025-01-21T08:00:00+01:00,2025-01-21T09:00:00+01:00,19291.8,245
2025-01-21T09:00:00+01:00,2025-01-21T10:00:00+01:00,19629.4,212.22
2025-01-21T10:00:00+01:00,2025-01-21T11:00:00+01:00,19543.2,200
2025-01-21T11:00:00+01:00,2025-01-21T12:00:00+01:00,18872.6,164.84
2025-01-21T12:00:00+01:00,2025-01-21T13:00:00+01:00,18211.7,151.36
2025-01-21T13:00:00+01:00,2025-01-21T14:00:00+01:00,17585.4,145.81
2025-01-21T14:00:00+01:00,2025-01-21T15:00:00+01:00,17677.8,151.03
2025-01-21T15:00:00+01:00,2025-01-21T16:00:00+01:00,19993.4,165.48
2025-01-21T16:00:00+01:00,2025-01-21T17:00:00+01:00,20808.9,160.32
2025-01-21T17:00:00+01:00,2025-01-21T18:00:00+01:00,21454.4,199.32
2025-01-21T18:00:00+01:00,2025-01-21T19:00:00+01:00,20711.3,208.44
2025-01-21T19:00:00+01:00,2025-01-21T20:00:00+01:00,21318.9,187.72
2025-01-21T20:00:00+01:00,2025-01-21T21:00:00+01:00,19896,160.18
2025-01-21T21:00:00+01:00,2025-01-21T22:00:00+01:00,20465.7,147.08
2025-01-21T22:00:00+01:00,2025-01-21T23:00:00+01:00,19234.4,137
2025-01-21T23:00:00+01:00,2025-01-22T00:00:00+01:00,17575.2,125.75
2025-01-22T00:00:00+01:00,2025-01-22T01:00:00+01:00,16373.6,123.53
2025-01-22T01:00:00+01:00,2025-01-22T02:00:00+01:00,14891.2,116.3
2025-01-22T02:00:00+01:00,2025-01-22T03:00:00+01:00,14258.5,106.78
2025-01-22T03:00:00+01:00,2025-01-22T04:00:00+01:00,15099.6,104.45
2025-01-22T04:00:00+01:00,2025-01-22T05:00:00+01:00,15310.6,103.6
2025-01-22T05:00:00+01:00,2025-01-22T06:00:00+01:00,14769.6,107
2025-01-22T06:00:00+01:00,2025-01-22T07:00:00+01:00,16445.9,120.57
2025-01-22T07:00:00+01:00,2025-01-22T08:00:00+01:00,19632.7,140.33
2025-01-22T08:00:00+01:00,2025-01-22T09:00:00+01:00,20877.9,200
2025-01-22T09:00:00+01:00,2025-01-22T10:00:00+01:00,20475.3,199.41
2025-01-22T10:00:00+01:00,2025-01-22T11:00:00+01:00,20047.6,179.06
2025-01-22T11:00:00+01:00,2025-01-22T12:00:00+01:00,18932.8,172.94
2025-01-22T12:00:00+01:00,2025-01-22T13:00:00+01:00,17033.1,165
2025-01-22T13:00:00+01:00,2025-01-22T14:00:00+01:00,17384.1,170
2025-01-22T14:00:00+01:00,2025-01-22T15:00:00+01:00,17999.4,177.03
2025-01-22T15:00:00+01:00,2025-01-22T16:00:00+01:00,18299.7,185
2025-01-22T16:00:00+01:00,2025-01-22T17:00:00+01:00,19506.9,165.85
2025-01-22T17:00:00+01:00,2025-01-22T18:00:00+01:00,20664.2,149.03
2025-01-22T18:00:00+01:00,2025-01-22T19:00:00+01:00,20755.3,159.6
2025-01-22T19:00:00+01:00,2025-01-22T20:00:00+01:00,20911.9,167.72
2025-01-22T20:00:00+01:00,2025-01-22T21:00:00+01:00,20769.6,139.49
2025-01-22T21:00:00+01:00,2025-01-22T22:00:00+01:00,21229.5,127.94
2025-01-22T22:00:00+01:00,2025-01-22T23:00:00+01:00,20449.5,129.86
2025-01-22T23:00:00+01:00,2025-01-23T00:00:00+01:00,19124.7,116.27
2025-01-23T00:00:00+01:00,2025-01-23T01:00:00+01:00,36735.2,114.6
2025-01-23T01:00:00+01:00,2025-01-23T02:00:00+01:00,35990,109.77
2025-01-23T02:00:00+01:00,2025-01-23T03:00:00+01:00,35437,105.84
2025-01-23T03:00:00+01:00,2025-01-23T04:00:00+01:00,35565.4,100.45
2025-01-23T04:00:00+01:00,2025-01-23T05:00:00+01:00,36083.6,98.53
2025-01-23T05:00:00+01:00,2025-01-23T06:00:00+01:00,35928.2,101.82
2025-01-23T06:00:00+01:00,2025-01-23T07:00:00+01:00,37756.2,113.79
2025-01-23T07:00:00+01:00,2025-01-23T08:00:00+01:00,41944.2,142.28
2025-01-23T08:00:00+01:00,2025-01-23T09:00:00+01:00,42083.6,160.34
2025-01-23T09:00:00+01:00,2025-01-23T10:00:00+01:00,43289,157.26
2025-01-23T10:00:00+01:00,2025-01-23T11:00:00+01:00,42049.2,135.21
2025-01-23T11:00:00+01:00,2025-01-23T12:00:00+01:00,38959,123.6
2025-01-23T12:00:00+01:00,2025-01-23T13:00:00+01:00,38126.6,104.18
2025-01-23T13:00:00+01:00,2025-01-23T14:00:00+01:00,39912,98.58
2025-01-23T14:00:00+01:00,2025-01-23T15:00:00+01:00,42653.4,95.4
2025-01-23T15:00:00+01:00,2025-01-23T16:00:00+01:00,44145.4,100.26
2025-01-23T16:00:00+01:00,2025-01-23T17:00:00+01:00,45255.6,100.97
2025-01-23T17:00:00+01:00,2025-01-23T18:00:00+01:00,44627.6,115.69
2025-01-23T18:00:00+01:00,2025-01-23T19:00:00+01:00,40684.8,121.78
2025-01-23T19:00:00+01:00,2025-01-23T20:00:00+01:00,40108,114.79
2025-01-23T20:00:00+01:00,2025-01-23T21:00:00+01:00,38570.4,98.44
2025-01-23T21:00:00+01:00,2025-01-23T22:00:00+01:00,35468.6,84.21
2025-01-23T22:00:00+01:00,2025-01-23T23:00:00+01:00,32575,85.09
2025-01-23T23:00:00+01:00,2025-01-24T00:00:00+01:00,28015.8,65.01
2025-01-24T00:00:00+01:00,2025-01-24T01:00:00+01:00,34771.4,75.16
2025-01-24T01:00:00+01:00,2025-01-24T02:00:00+01:00,35821.2,63.05
2025-01-24T02:00:00+01:00,2025-01-24T03:00:00+01:00,35906.8,48.6
2025-01-24T03:00:00+01:00,2025-01-24T04:00:00+01:00,35821.8,44.37
2025-01-24T04:00:00+01:00,2025-01-24T05:00:00+01:00,36662.8,16.01
2025-01-24T05:00:00+01:00,2025-01-24T06:00:00+01:00,36138.4,30.03
2025-01-24T06:00:00+01:00,2025-01-24T07:00:00+01:00,38645.4,64.93
2025-01-24T07:00:00+01:00,2025-01-24T08:00:00+01:00,44505.2,104.09
2025-01-24T08:00:00+01:00,2025-01-24T09:00:00+01:00,49822.4,105.26
2025-01-24T09:00:00+01:00,2025-01-24T10:00:00+01:00,47751.4,97.14
2025-01-24T10:00:00+01:00,2025-01-24T11:00:00+01:00,45397.4,93.63
2025-01-24T11:00:00+01:00,2025-01-24T12:00:00+01:00,46294.4,81.93
2025-01-24T12:00:00+01:00,2025-01-24T13:00:00+01:00,46936,79.68
2025-01-24T13:00:00+01:00,2025-01-24T14:00:00+01:00,46490.8,77.26
2025-01-24T14:00:00+01:00,2025-01-24T15:00:00+01:00,44437.4,75.07
2025-01-24T15:00:00+01:00,2025-01-24T16:00:00+01:00,42774.2,77.26
2025-01-24T16:00:00+01:00,2025-01-24T17:00:00+01:00,42730.2,77.13
2025-01-24T17:00:00+01:00,2025-01-24T18:00:00+01:00,43175.2,92.7
2025-01-24T18:00:00+01:00,2025-01-24T19:00:00+01:00,39052.4,99.64
2025-01-24T19:00:00+01:00,2025-01-24T20:00:00+01:00,37189.4,101.02
2025-01-24T20:00:00+01:00,2025-01-24T21:00:00+01:00,36867.8,93.67
2025-01-24T21:00:00+01:00,2025-01-24T22:00:00+01:00,37903,87.96
2025-01-24T22:00:00+01:00,2025-01-24T23:00:00+01:00,34867.6,96.72
2025-01-24T23:00:00+01:00,2025-01-25T00:00:00+01:00,31995.6,90.7
2025-01-25T00:00:00+01:00,2025-01-25T01:00:00+01:00,35607.8,57.03
2025-01-25T01:00:00+01:00,2025-01-25T02:00:00+01:00,35844.4,35
2025-01-25T02:00:00+01:00,2025-01-25T03:00:00+01:00,35097.4,25.2
2025-01-25T03:00:00+01:00,2025-01-25T04:00:00+01:00,34081.2,19.71
2025-01-25T04:00:00+01:00,2025-01-25T05:00:00+01:00,34104.2,16.8
2025-01-25T05:00:00+01:00,2025-01-25T06:00:00+01:00,33775.2,17.72
2025-01-25T06:00:00+01:00,2025-01-25T07:00:00+01:00,33941.6,25
2025-01-25T07:00:00+01:00,2025-01-25T08:00:00+01:00,32741.2,49.29
2025-01-25T08:00:00+01:00,2025-01-25T09:00:00+01:00,34351.6,55.54
2025-01-25T09:00:00+01:00,2025-01-25T10:00:00+01:00,35977,73.4
2025-01-25T10:00:00+01:00,2025-01-25T11:00:00+01:00,34928.4,60.73
2025-01-25T11:00:00+01:00,2025-01-25T12:00:00+01:00,33688.6,63.25
2025-01-25T12:00:00+01:00,2025-01-25T13:00:00+01:00,34586.2,70.17
2025-01-25T13:00:00+01:00,2025-01-25T14:00:00+01:00,33129.8,76.09
2025-01-25T14:00:00+01:00,2025-01-25T15:00:00+01:00,31620.2,55.16
2025-01-25T15:00:00+01:00,2025-01-25T16:00:00+01:00,31433.8,45.09
2025-01-25T16:00:00+01:00,2025-01-25T17:00:00+01:00,32958.6,53.77
2025-01-25T17:00:00+01:00,2025-01-25T18:00:00+01:00,37672.6,85.21
2025-01-25T18:00:00+01:00,2025-01-25T19:00:00+01:00,40568.6,118.32
2025-01-25T19:00:00+01:00,2025-01-25T20:00:00+01:00,40515,120.74
2025-01-25T20:00:00+01:00,2025-01-25T21:00:00+01:00,37831.4,96.37
2025-01-25T21:00:00+01:00,2025-01-25T22:00:00+01:00,39228.8,87.38
2025-01-25T22:00:00+01:00,2025-01-25T23:00:00+01:00,35556.6,86.5
2025-01-25T23:00:00+01:00,2025-01-26T00:00:00+01:00,33135,81.06
2025-01-26T00:00:00+01:00,2025-01-26T01:00:00+01:00,30972.4,60.02
2025-01-26T01:00:00+01:00,2025-01-26T02:00:00+01:00,30124.6,61.36
2025-01-26T02:00:00+01:00,2025-01-26T03:00:00+01:00,30050.4,29.7
2025-01-26T03:00:00+01:00,2025-01-26T04:00:00+01:00,32103.6,49.34
2025-01-26T04:00:00+01:00,2025-01-26T05:00:00+01:00,31698.2,26.21
2025-01-26T05:00:00+01:00,2025-01-26T06:00:00+01:00,31089.2,33.41
2025-01-26T06:00:00+01:00,2025-01-26T07:00:00+01:00,30938,44.2
2025-01-26T07:00:00+01:00,2025-01-26T08:00:00+01:00,31998.8,47.96
2025-01-26T08:00:00+01:00,2025-01-26T09:00:00+01:00,34298.6,29.54
2025-01-26T09:00:00+01:00,2025-01-26T10:00:00+01:00,35692,26.21
2025-01-26T10:00:00+01:00,2025-01-26T11:00:00+01:00,35742,25.95
2025-01-26T11:00:00+01:00,2025-01-26T12:00:00+01:00,39384.8,79.22
2025-01-26T12:00:00+01:00,2025-01-26T13:00:00+01:00,41794.8,84.83
2025-01-26T13:00:00+01:00,2025-01-26T14:00:00+01:00,40479.2,29.81
2025-01-26T14:00:00+01:00,2025-01-26T15:00:00+01:00,40152.6,14.98
2025-01-26T15:00:00+01:00,2025-01-26T16:00:00+01:00,39886.8,13.46
2025-01-26T16:00:00+01:00,2025-01-26T17:00:00+01:00,39422.6,13.45
2025-01-26T17:00:00+01:00,2025-01-26T18:00:00+01:00,40149.6,25.2
2025-01-26T18:00:00+01:00,2025-01-26T19:00:00+01:00,39894.8,51.54
2025-01-26T19:00:00+01:00,2025-01-26T20:00:00+01:00,41536.4,44.38
2025-01-26T20:00:00+01:00,2025-01-26T21:00:00+01:00,41828.6,39.06
2025-01-26T21:00:00+01:00,2025-01-26T22:00:00+01:00,41049,33.78
2025-01-26T22:00:00+01:00,2025-01-26T23:00:00+01:00,39305.8,32.35
2025-01-26T23:00:00+01:00,2025-01-27T00:00:00+01:00,38740.8,26.32
2025-01-27T00:00:00+01:00,2025-01-27T01:00:00+01:00,41291,15.67
2025-01-27T01:00:00+01:00,2025-01-27T02:00:00+01:00,41942.2,7.06
2025-01-27T02:00:00+01:00,2025-01-27T03:00:00+01:00,42834.8,13.1
2025-01-27T03:00:00+01:00,2025-01-27T04:00:00+01:00,43877.4,3.52
2025-01-27T04:00:00+01:00,2025-01-27T05:00:00+01:00,44098.6,0.65
2025-01-27T05:00:00+01:00,2025-01-27T06:00:00+01:00,41511,4.94
2025-01-27T06:00:00+01:00,2025-01-27T07:00:00+01:00,40468.2,19.57
2025-01-27T07:00:00+01:00,2025-01-27T08:00:00+01:00,42125.8,31.84
2025-01-27T08:00:00+01:00,2025-01-27T09:00:00+01:00,45053.2,48.01
2025-01-27T09:00:00+01:00,2025-01-27T10:00:00+01:00,44848.6,43.06
2025-01-27T10:00:00+01:00,2025-01-27T11:00:00+01:00,46428.2,35.72
2025-01-27T11:00:00+01:00,2025-01-27T12:00:00+01:00,47651.8,32.76
2025-01-27T12:00:00+01:00,2025-01-27T13:00:00+01:00,49296.6,32.69
2025-01-27T13:00:00+01:00,2025-01-27T14:00:00+01:00,47538,33.77
2025-01-27T14:00:00+01:00,2025-01-27T15:00:00+01:00,46462.2,22.54
2025-01-27T15:00:00+01:00,2025-01-27T16:00:00+01:00,45172.2,19.9
2025-01-27T16:00:00+01:00,2025-01-27T17:00:00+01:00,44139.6,22.97
2025-01-27T17:00:00+01:00,2025-01-27T18:00:00+01:00,44990,55.67
2025-01-27T18:00:00+01:00,2025-01-27T19:00:00+01:00,44942.2,57.18
2025-01-27T19:00:00+01:00,2025-01-27T20:00:00+01:00,44576,57.1
2025-01-27T20:00:00+01:00,2025-01-27T21:00:00+01:00,46141,40.9
2025-01-27T21:00:00+01:00,2025-01-27T22:00:00+01:00,42483.8,37.68
2025-01-27T22:00:00+01:00,2025-01-27T23:00:00+01:00,39154,32
2025-01-27T23:00:00+01:00,2025-01-28T00:00:00+01:00,37662.4,26.23
2025-01-28T00:00:00+01:00,2025-01-28T01:00:00+01:00,35784.8,16.55
2025-01-28T01:00:00+01:00,2025-01-28T02:00:00+01:00,36947,9.12
2025-01-28T02:00:00+01:00,2025-01-28T03:00:00+01:00,37297.4,4.56
2025-01-28T03:00:00+01:00,2025-01-28T04:00:00+01:00,38903.2,5.29
2025-01-28T04:00:00+01:00,2025-01-28T05:00:00+01:00,39911.2,0.65
2025-01-28T05:00:00+01:00,2025-01-28T06:00:00+01:00,38932.2,0.65
2025-01-28T06:00:00+01:00,2025-01-28T07:00:00+01:00,39273.4,16.27
2025-01-28T07:00:00+01:00,2025-01-28T08:00:00+01:00,44422.8,39.6
2025-01-28T08:00:00+01:00,2025-01-28T09:00:00+01:00,46592.6,61.83
2025-01-28T09:00:00+01:00,2025-01-28T10:00:00+01:00,46691.6,58.32
2025-01-28T10:00:00+01:00,2025-01-28T11:00:00+01:00,44760.2,23.28
2025-01-28T11:00:00+01:00,2025-01-28T12:00:00+01:00,44703.2,29.14
2025-01-28T12:00:00+01:00,2025-01-28T13:00:00+01:00,44394.2,41.44
2025-01-28T13:00:00+01:00,2025-01-28T14:00:00+01:00,45267.4,25.05
2025-01-28T14:00:00+01:00,2025-01-28T15:00:00+01:00,43474.4,23.57
2025-01-28T15:00:00+01:00,2025-01-28T16:00:00+01:00,45636.2,25.56
2025-01-28T16:00:00+01:00,2025-01-28T17:00:00+01:00,46318.2,30.67
2025-01-28T17:00:00+01:00,2025-01-28T18:00:00+01:00,45102,31.58
2025-01-28T18:00:00+01:00,2025-01-28T19:00:00+01:00,42741,51.46
2025-01-28T19:00:00+01:00,2025-01-28T20:00:00+01:00,44580,69.5
2025-01-28T20:00:00+01:00,2025-01-28T21:00:00+01:00,46610.8,60
2025-01-28T21:00:00+01:00,2025-01-28T22:00:00+01:00,45006,48.03
2025-01-28T22:00:00+01:00,2025-01-28T23:00:00+01:00,40173.2,34.22
2025-01-28T23:00:00+01:00,2025-01-29T00:00:00+01:00,37196.8,26.28
2025-01-29T00:00:00+01:00,2025-01-29T01:00:00+01:00,39468.8,27.74
2025-01-29T01:00:00+01:00,2025-01-29T02:00:00+01:00,41533.4,25.52
2025-01-29T02:00:00+01:00,2025-01-29T03:00:00+01:00,40232.4,15.05
2025-01-29T03:00:00+01:00,2025-01-29T04:00:00+01:00,40873.2,3.52
2025-01-29T04:00:00+01:00,2025-01-29T05:00:00+01:00,41170.6,3.52
2025-01-29T05:00:00+01:00,2025-01-29T06:00:00+01:00,39390.6,3.52
2025-01-29T06:00:00+01:00,2025-01-29T07:00:00+01:00,33146,38.16
2025-01-29T07:00:00+01:00,2025-01-29T08:00:00+01:00,35438.4,76.68
2025-01-29T08:00:00+01:00,2025-01-29T09:00:00+01:00,36701.8,103.61
2025-01-29T09:00:00+01:00,2025-01-29T10:00:00+01:00,38624.6,69.2
2025-01-29T10:00:00+01:00,2025-01-29T11:00:00+01:00,39691.2,45
2025-01-29T11:00:00+01:00,2025-01-29T12:00:00+01:00,37192.6,46.02
2025-01-29T12:00:00+01:00,2025-01-29T13:00:00+01:00,35753.4,72.92
2025-01-29T13:00:00+01:00,2025-01-29T14:00:00+01:00,35744.8,75.39
2025-01-29T14:00:00+01:00,2025-01-29T15:00:00+01:00,34453.4,75.16
2025-01-29T15:00:00+01:00,2025-01-29T16:00:00+01:00,32739.8,85.61
2025-01-29T16:00:00+01:00,2025-01-29T17:00:00+01:00,34357.2,102.94
2025-01-29T17:00:00+01:00,2025-01-29T18:00:00+01:00,33909.2,147.4
2025-01-29T18:00:00+01:00,2025-01-29T19:00:00+01:00,36713.2,140.11
2025-01-29T19:00:00+01:00,2025-01-29T20:00:00+01:00,38169,146.08
2025-01-29T20:00:00+01:00,2025-01-29T21:00:00+01:00,33620,134.31
2025-01-29T21:00:00+01:00,2025-01-29T22:00:00+01:00,32895.4,118.57
2025-01-29T22:00:00+01:00,2025-01-29T23:00:00+01:00,30281.2,99.38
2025-01-29T23:00:00+01:00,2025-01-30T00:00:00+01:00,29169.8,91.01
2025-01-30T00:00:00+01:00,2025-01-30T01:00:00+01:00,27531.4,66.63
2025-01-30T01:00:00+01:00,2025-01-30T02:00:00+01:00,26572.6,65.29
2025-01-30T02:00:00+01:00,2025-01-30T03:00:00+01:00,26404.4,72.82
2025-01-30T03:00:00+01:00,2025-01-30T04:00:00+01:00,26491.8,39.15
2025-01-30T04:00:00+01:00,2025-01-30T05:00:00+01:00,26410.8,30.45
2025-01-30T05:00:00+01:00,2025-01-30T06:00:00+01:00,27203,55.79
2025-01-30T06:00:00+01:00,2025-01-30T07:00:00+01:00,30405,93.26
2025-01-30T07:00:00+01:00,2025-01-30T08:00:00+01:00,32213.8,135.85
2025-01-30T08:00:00+01:00,2025-01-30T09:00:00+01:00,35787.2,160.3
2025-01-30T09:00:00+01:00,2025-01-30T10:00:00+01:00,36326.2,143.87
2025-01-30T10:00:00+01:00,2025-01-30T11:00:00+01:00,35686.6,134.75
2025-01-30T11:00:00+01:00,2025-01-30T12:00:00+01:00,33568.4,123.25
2025-01-30T12:00:00+01:00,2025-01-30T13:00:00+01:00,31639,115.97
2025-01-30T13:00:00+01:00,2025-01-30T14:00:00+01:00,33913.6,113.3
2025-01-30T14:00:00+01:00,2025-01-30T15:00:00+01:00,33709.2,110.04
2025-01-30T15:00:00+01:00,2025-01-30T16:00:00+01:00,31671,103.76
2025-01-30T16:00:00+01:00,2025-01-30T17:00:00+01:00,34055.4,97.78
2025-01-30T17:00:00+01:00,2025-01-30T18:00:00+01:00,34596.6,115.9
2025-01-30T18:00:00+01:00,2025-01-30T19:00:00+01:00,38411.2,143.31
2025-01-30T19:00:00+01:00,2025-01-30T20:00:00+01:00,38005.4,161
2025-01-30T20:00:00+01:00,2025-01-30T21:00:00+01:00,34187.6,138.91
2025-01-30T21:00:00+01:00,2025-01-30T22:00:00+01:00,30922.8,125
2025-01-30T22:00:00+01:00,2025-01-30T23:00:00+01:00,29874,122.11
2025-01-30T23:00:00+01:00,2025-01-31T00:00:00+01:00,28524.6,120.2
2025-01-31T00:00:00+01:00,2025-01-31T01:00:00+01:00,29378.2,120
2025-01-31T01:00:00+01:00,2025-01-31T02:00:00+01:00,29066.2,113.22
2025-01-31T02:00:00+01:00,2025-01-31T03:00:00+01:00,28413.6,112.1
2025-01-31T03:00:00+01:00,2025-01-31T04:00:00+01:00,26853,100.33
2025-01-31T04:00:00+01:00,2025-01-31T05:00:00+01:00,26519.2,102.47
2025-01-31T05:00:00+01:00,2025-01-31T06:00:00+01:00,26734.6,111.54
2025-01-31T06:00:00+01:00,2025-01-31T07:00:00+01:00,29101.6,120.47
2025-01-31T07:00:00+01:00,2025-01-31T08:00:00+01:00,31995.2,143.16
2025-01-31T08:00:00+01:00,2025-01-31T09:00:00+01:00,36874.2,163.7
2025-01-31T09:00:00+01:00,2025-01-31T10:00:00+01:00,37308.2,154.82
2025-01-31T10:00:00+01:00,2025-01-31T11:00:00+01:00,36256.6,130.1
2025-01-31T11:00:00+01:00,2025-01-31T12:00:00+01:00,32095.6,126.2
2025-01-31T12:00:00+01:00,2025-01-31T13:00:00+01:00,33281.8,120.06
2025-01-31T13:00:00+01:00,2025-01-31T14:00:00+01:00,30267.8,121.19
2025-01-31T14:00:00+01:00,2025-01-31T15:00:00+01:00,34096.4,116.68
2025-01-31T15:00:00+01:00,2025-01-31T16:00:00+01:00,34702.2,111
2025-01-31T16:00:00+01:00,2025-01-31T17:00:00+01:00,36242.4,111.56
2025-01-31T17:00:00+01:00,2025-01-31T18:00:00+01:00,36820.6,121.32
2025-01-31T18:00:00+01:00,2025-01-31T19:00:00+01:00,38953.6,184.48
2025-01-31T19:00:00+01:00,2025-01-31T20:00:00+01:00,40136.6,178.99
2025-01-31T20:00:00+01:00,2025-01-31T21:00:00+01:00,38092.4,162.66
2025-01-31T21:00:00+01:00,2025-01-31T22:00:00+01:00,35046.6,152.7
2025-01-31T22:00:00+01:00,2025-01-31T23:00:00+01:00,31736.8,145.02
2025-01-31T23:00:00+01:00,2025-02-01T00:00:00+01:00,28721.8,131.29
2025-02-01T00:00:00+01:00,2025-02-01T01:00:00+01:00,29380.8,137.18
2025-02-01T01:00:00+01:00,2025-02-01T02:00:00+01:00,26314,129.61
2025-02-01T02:00:00+01:00,2025-02-01T03:00:00+01:00,25668,124.38
2025-02-01T03:00:00+01:00,2025-02-01T04:00:00+01:00,26718.4,116.96
2025-02-01T04:00:00+01:00,2025-02-01T05:00:00+01:00,27931.4,104.73
2025-02-01T05:00:00+01:00,2025-02-01T06:00:00+01:00,26413,108.17
2025-02-01T06:00:00+01:00,2025-02-01T07:00:00+01:00,27773.6,124.45
2025-02-01T07:00:00+01:00,2025-02-01T08:00:00+01:00,29362.8,144.74
2025-02-01T08:00:00+01:00,2025-02-01T09:00:00+01:00,29421.4,153.46
2025-02-01T09:00:00+01:00,2025-02-01T10:00:00+01:00,28960,142.44
2025-02-01T10:00:00+01:00,2025-02-01T11:00:00+01:00,25927.4,128.4
2025-02-01T11:00:00+01:00,2025-02-01T12:00:00+01:00,25679.6,120.08
2025-02-01T12:00:00+01:00,2025-02-01T13:00:00+01:00,28122.6,110.29
2025-02-01T13:00:00+01:00,2025-02-01T14:00:00+01:00,24596.6,103.4
2025-02-01T14:00:00+01:00,2025-02-01T15:00:00+01:00,25347.2,113.7
2025-02-01T15:00:00+01:00,2025-02-01T16:00:00+01:00,27036.8,113.66
2025-02-01T16:00:00+01:00,2025-02-01T17:00:00+01:00,27181.4,124.88
2025-02-01T17:00:00+01:00,2025-02-01T18:00:00+01:00,31514,132.1
2025-02-01T18:00:00+01:00,2025-02-01T19:00:00+01:00,33642.2,155.79
2025-02-01T19:00:00+01:00,2025-02-01T20:00:00+01:00,33367.2,162.98
2025-02-01T20:00:00+01:00,2025-02-01T21:00:00+01:00,33869.2,156.6
2025-02-01T21:00:00+01:00,2025-02-01T22:00:00+01:00,32847,145.24
2025-02-01T22:00:00+01:00,2025-02-01T23:00:00+01:00,29783.2,141.73
2025-02-01T23:00:00+01:00,2025-02-02T00:00:00+01:00,26686,131.74
2025-02-03T00:00:00+01:00,2025-02-03T01:00:00+01:00,23238,129.54
2025-02-03T01:00:00+01:00,2025-02-03T02:00:00+01:00,22521,126.63
2025-02-03T02:00:00+01:00,2025-02-03T03:00:00+01:00,22529.8,124.72
2025-02-03T03:00:00+01:00,2025-02-03T04:00:00+01:00,22888.6,120.04
2025-02-03T04:00:00+01:00,2025-02-03T05:00:00+01:00,24187,123.24
2025-02-03T05:00:00+01:00,2025-02-03T06:00:00+01:00,24768,127.77
2025-02-03T06:00:00+01:00,2025-02-03T07:00:00+01:00,32911.6,159.18
2025-02-03T07:00:00+01:00,2025-02-03T08:00:00+01:00,40113.4,207.88
2025-02-03T08:00:00+01:00,2025-02-03T09:00:00+01:00,38017.2,243.23
2025-02-03T09:00:00+01:00,2025-02-03T10:00:00+01:00,42479.6,178.04
2025-02-03T10:00:00+01:00,2025-02-03T11:00:00+01:00,39529.2,149.95
2025-02-03T11:00:00+01:00,2025-02-03T12:00:00+01:00,39329.2,126.69
2025-02-03T12:00:00+01:00,2025-02-03T13:00:00+01:00,40334.6,117.27
2025-02-03T13:00:00+01:00,2025-02-03T14:00:00+01:00,35698.4,115.19
2025-02-03T14:00:00+01:00,2025-02-03T15:00:00+01:00,32647.4,122.73
2025-02-03T15:00:00+01:00,2025-02-03T16:00:00+01:00,32019,135.33
2025-02-03T16:00:00+01:00,2025-02-03T17:00:00+01:00,33233,135.13
2025-02-03T17:00:00+01:00,2025-02-03T18:00:00+01:00,36930.4,170.64
2025-02-03T18:00:00+01:00,2025-02-03T19:00:00+01:00,39375.4,200.73
2025-02-03T19:00:00+01:00,2025-02-03T20:00:00+01:00,39360.4,201.1
2025-02-03T20:00:00+01:00,2025-02-03T21:00:00+01:00,36859.8,167.74
2025-02-03T21:00:00+01:00,2025-02-03T22:00:00+01:00,35669.4,153
2025-02-03T22:00:00+01:00,2025-02-03T23:00:00+01:00,30727.4,144.09
2025-02-03T23:00:00+01:00,2025-02-04T00:00:00+01:00,29921.4,135.81
2025-02-04T00:00:00+01:00,2025-02-04T01:00:00+01:00,25616.2,132.4
2025-02-04T01:00:00+01:00,2025-02-04T02:00:00+01:00,24743.4,125.54
2025-02-04T02:00:00+01:00,2025-02-04T03:00:00+01:00,24852.6,123.18
2025-02-04T03:00:00+01:00,2025-02-04T04:00:00+01:00,24032.8,123.99
2025-02-04T04:00:00+01:00,2025-02-04T05:00:00+01:00,24179.4,123.25
2025-02-04T05:00:00+01:00,2025-02-04T06:00:00+01:00,26335.8,127.63
2025-02-04T06:00:00+01:00,2025-02-04T07:00:00+01:00,30751.8,151.95
2025-02-04T07:00:00+01:00,2025-02-04T08:00:00+01:00,38054.2,187.5
2025-02-04T08:00:00+01:00,2025-02-04T09:00:00+01:00,36898.8,211.99
2025-02-04T09:00:00+01:00,2025-02-04T10:00:00+01:00,39733,163.31
2025-02-04T10:00:00+01:00,2025-02-04T11:00:00+01:00,43107.6,136.53
2025-02-04T11:00:00+01:00,2025-02-04T12:00:00+01:00,41257.2,127.8
2025-02-04T12:00:00+01:00,2025-02-04T13:00:00+01:00,40510.8,122.71
2025-02-04T13:00:00+01:00,2025-02-04T14:00:00+01:00,36275.4,113.26
2025-02-04T14:00:00+01:00,2025-02-04T15:00:00+01:00,30831,120.09
2025-02-04T15:00:00+01:00,2025-02-04T16:00:00+01:00,31980.6,124.97
2025-02-04T16:00:00+01:00,2025-02-04T17:00:00+01:00,30445.6,122.57
2025-02-04T17:00:00+01:00,2025-02-04T18:00:00+01:00,32538.6,134.32
2025-02-04T18:00:00+01:00,2025-02-04T19:00:00+01:00,36163.2,175
2025-02-04T19:00:00+01:00,2025-02-04T20:00:00+01:00,34646.4,173.92
2025-02-04T20:00:00+01:00,2025-02-04T21:00:00+01:00,35020,152.47
2025-02-04T21:00:00+01:00,2025-02-04T22:00:00+01:00,28765.6,132.91
2025-02-04T22:00:00+01:00,2025-02-04T23:00:00+01:00,25850.4,140.32
2025-02-04T23:00:00+01:00,2025-02-05T00:00:00+01:00,26221.6,137.95
2025-02-05T00:00:00+01:00,2025-02-05T01:00:00+01:00,23954.4,128.44
2025-02-05T01:00:00+01:00,2025-02-05T02:00:00+01:00,24019.4,119.39
2025-02-05T02:00:00+01:00,2025-02-05T03:00:00+01:00,24096,116.59
2025-02-05T03:00:00+01:00,2025-02-05T04:00:00+01:00,24188.6,115.64
2025-02-05T04:00:00+01:00,2025-02-05T05:00:00+01:00,24549.8,117.33
2025-02-05T05:00:00+01:00,2025-02-05T06:00:00+01:00,25702.8,123.05
2025-02-05T06:00:00+01:00,2025-02-05T07:00:00+01:00,30005,140.34
2025-02-05T07:00:00+01:00,2025-02-05T08:00:00+01:00,35466.2,168.48
2025-02-05T08:00:00+01:00,2025-02-05T09:00:00+01:00,35382,180.81
2025-02-05T09:00:00+01:00,2025-02-05T10:00:00+01:00,36641.4,159.33
2025-02-05T10:00:00+01:00,2025-02-05T11:00:00+01:00,39311.8,143.61
2025-02-05T11:00:00+01:00,2025-02-05T12:00:00+01:00,39617.8,137.61
2025-02-05T12:00:00+01:00,2025-02-05T13:00:00+01:00,40140.4,129.14
2025-02-05T13:00:00+01:00,2025-02-05T14:00:00+01:00,35706.4,124.95
2025-02-05T14:00:00+01:00,2025-02-05T15:00:00+01:00,31958,128.85
2025-02-05T15:00:00+01:00,2025-02-05T16:00:00+01:00,31698.2,144.12
2025-02-05T16:00:00+01:00,2025-02-05T17:00:00+01:00,31664.6,150.04
2025-02-05T17:00:00+01:00,2025-02-05T18:00:00+01:00,33559.6,174.07
2025-02-05T18:00:00+01:00,2025-02-05T19:00:00+01:00,34777,189.9
2025-02-05T19:00:00+01:00,2025-02-05T20:00:00+01:00,35133.8,189.63
2025-02-05T20:00:00+01:00,2025-02-05T21:00:00+01:00,31923.4,170
2025-02-05T21:00:00+01:00,2025-02-05T22:00:00+01:00,29963.4,155.42
2025-02-05T22:00:00+01:00,2025-02-05T23:00:00+01:00,25937,143.7
2025-02-05T23:00:00+01:00,2025-02-06T00:00:00+01:00,24786.2,136.95
2025-02-06T00:00:00+01:00,2025-02-06T01:00:00+01:00,25740,133.67
2025-02-06T01:00:00+01:00,2025-02-06T02:00:00+01:00,25883.8,131.51
2025-02-06T02:00:00+01:00,2025-02-06T03:00:00+01:00,25191.8,126.48
2025-02-06T03:00:00+01:00,2025-02-06T04:00:00+01:00,23861.8,125.01
2025-02-06T04:00:00+01:00,2025-02-06T05:00:00+01:00,25809.2,125.01
2025-02-06T05:00:00+01:00,2025-02-06T06:00:00+01:00,27142.2,131.33
2025-02-06T06:00:00+01:00,2025-02-06T07:00:00+01:00,30669.8,144.92
2025-02-06T07:00:00+01:00,2025-02-06T08:00:00+01:00,36894,180.09
2025-02-06T08:00:00+01:00,2025-02-06T09:00:00+01:00,37021,210.56
2025-02-06T09:00:00+01:00,2025-02-06T10:00:00+01:00,38112.2,177.44
2025-02-06T10:00:00+01:00,2025-02-06T11:00:00+01:00,39352.4,158.82
2025-02-06T11:00:00+01:00,2025-02-06T12:00:00+01:00,40207.6,142.89
2025-02-06T12:00:00+01:00,2025-02-06T13:00:00+01:00,42697.4,136.27
2025-02-06T13:00:00+01:00,2025-02-06T14:00:00+01:00,41479.4,131.06
2025-02-06T14:00:00+01:00,2025-02-06T15:00:00+01:00,40364.2,115.25
2025-02-06T15:00:00+01:00,2025-02-06T16:00:00+01:00,39328.8,119.17
2025-02-06T16:00:00+01:00,2025-02-06T17:00:00+01:00,36794.8,123.44
2025-02-06T17:00:00+01:00,2025-02-06T18:00:00+01:00,37276.6,141.02
2025-02-06T18:00:00+01:00,2025-02-06T19:00:00+01:00,38974.6,170.78
2025-02-06T19:00:00+01:00,2025-02-06T20:00:00+01:00,39786.4,163.65
2025-02-06T20:00:00+01:00,2025-02-06T21:00:00+01:00,35261.2,143.52
2025-02-06T21:00:00+01:00,2025-02-06T22:00:00+01:00,34432.4,133.16
2025-02-06T22:00:00+01:00,2025-02-06T23:00:00+01:00,33860.8,134.89
2025-02-06T23:00:00+01:00,2025-02-07T00:00:00+01:00,34900,121.95
2025-02-07T00:00:00+01:00,2025-02-07T01:00:00+01:00,27968.8,126.05
2025-02-07T01:00:00+01:00,2025-02-07T02:00:00+01:00,28353.6,112.7
2025-02-07T02:00:00+01:00,2025-02-07T03:00:00+01:00,28616,108.82
2025-02-07T03:00:00+01:00,2025-02-07T04:00:00+01:00,27831,105
2025-02-07T04:00:00+01:00,2025-02-07T05:00:00+01:00,28960.8,105.85
2025-02-07T05:00:00+01:00,2025-02-07T06:00:00+01:00,28115.4,107.23
2025-02-07T06:00:00+01:00,2025-02-07T07:00:00+01:00,32595.8,119
2025-02-07T07:00:00+01:00,2025-02-07T08:00:00+01:00,32716.6,145.68
2025-02-07T08:00:00+01:00,2025-02-07T09:00:00+01:00,35699.8,164.3
2025-02-07T09:00:00+01:00,2025-02-07T10:00:00+01:00,41345.6,150.37
2025-02-07T10:00:00+01:00,2025-02-07T11:00:00+01:00,43210,138.4
2025-02-07T11:00:00+01:00,2025-02-07T12:00:00+01:00,44789.4,130.63
2025-02-07T12:00:00+01:00,2025-02-07T13:00:00+01:00,45302.2,128.08
2025-02-07T13:00:00+01:00,2025-02-07T14:00:00+01:00,42758.2,119.02
2025-02-07T14:00:00+01:00,2025-02-07T15:00:00+01:00,39593.4,119.98
2025-02-07T15:00:00+01:00,2025-02-07T16:00:00+01:00,36349.4,122.43
2025-02-07T16:00:00+01:00,2025-02-07T17:00:00+01:00,31696,130.98
2025-02-07T17:00:00+01:00,2025-02-07T18:00:00+01:00,29606.2,145.45
2025-02-07T18:00:00+01:00,2025-02-07T19:00:00+01:00,36004.2,151.01
2025-02-07T19:00:00+01:00,2025-02-07T20:00:00+01:00,36719,150.93
2025-02-07T20:00:00+01:00,2025-02-07T21:00:00+01:00,32957.2,145.36
2025-02-07T21:00:00+01:00,2025-02-07T22:00:00+01:00,29075.8,133.8
2025-02-07T22:00:00+01:00,2025-02-07T23:00:00+01:00,33198,133.06
2025-02-07T23:00:00+01:00,2025-02-08T00:00:00+01:00,33649.6,120.55
2025-02-08T00:00:00+01:00,2025-02-08T01:00:00+01:00,27644.8,106.74
2025-02-08T01:00:00+01:00,2025-02-08T02:00:00+01:00,26974.6,97.67
2025-02-08T02:00:00+01:00,2025-02-08T03:00:00+01:00,26273.6,89.5
2025-02-08T03:00:00+01:00,2025-02-08T04:00:00+01:00,24614,94.34
2025-02-08T04:00:00+01:00,2025-02-08T05:00:00+01:00,23761.8,89.69
2025-02-08T05:00:00+01:00,2025-02-08T06:00:00+01:00,25128.2,90.99
2025-02-08T06:00:00+01:00,2025-02-08T07:00:00+01:00,25143.8,97.15
2025-02-08T07:00:00+01:00,2025-02-08T08:00:00+01:00,26525.4,115
2025-02-08T08:00:00+01:00,2025-02-08T09:00:00+01:00,29707.8,119.08
2025-02-08T09:00:00+01:00,2025-02-08T10:00:00+01:00,35699.6,125.01
2025-02-08T10:00:00+01:00,2025-02-08T11:00:00+01:00,37292,121.84
2025-02-08T11:00:00+01:00,2025-02-08T12:00:00+01:00,38937,123.13
2025-02-08T12:00:00+01:00,2025-02-08T13:00:00+01:00,40358.6,125.4
2025-02-08T13:00:00+01:00,2025-02-08T14:00:00+01:00,39383,111.47
2025-02-08T14:00:00+01:00,2025-02-08T15:00:00+01:00,37674.4,107.28
2025-02-08T15:00:00+01:00,2025-02-08T16:00:00+01:00,32463,118
2025-02-08T16:00:00+01:00,2025-02-08T17:00:00+01:00,25072.4,141.55
2025-02-08T17:00:00+01:00,2025-02-08T18:00:00+01:00,28220,150.96
2025-02-08T18:00:00+01:00,2025-02-08T19:00:00+01:00,32001.4,160.49
2025-02-08T19:00:00+01:00,2025-02-08T20:00:00+01:00,31625.2,166.9
2025-02-08T20:00:00+01:00,2025-02-08T21:00:00+01:00,29265.8,164.04
2025-02-08T21:00:00+01:00,2025-02-08T22:00:00+01:00,26331.2,149
2025-02-08T22:00:00+01:00,2025-02-08T23:00:00+01:00,28985.4,149.1
2025-02-08T23:00:00+01:00,2025-02-09T00:00:00+01:00,30898.8,145.31
2025-02-09T00:00:00+01:00,2025-02-09T01:00:00+01:00,27838.8,135
2025-02-09T01:00:00+01:00,2025-02-09T02:00:00+01:00,26534.4,137.56
2025-02-09T02:00:00+01:00,2025-02-09T03:00:00+01:00,25377.2,137.56
2025-02-09T03:00:00+01:00,2025-02-09T04:00:00+01:00,24755.6,119.3
2025-02-09T04:00:00+01:00,2025-02-09T05:00:00+01:00,23746.8,116.87
2025-02-09T05:00:00+01:00,2025-02-09T06:00:00+01:00,21322.4,117
2025-02-09T06:00:00+01:00,2025-02-09T07:00:00+01:00,20824.2,117
2025-02-09T07:00:00+01:00,2025-02-09T08:00:00+01:00,22929.2,133.43
2025-02-09T08:00:00+01:00,2025-02-09T09:00:00+01:00,23358.8,136.77
2025-02-09T09:00:00+01:00,2025-02-09T10:00:00+01:00,28652,125
2025-02-09T10:00:00+01:00,2025-02-09T11:00:00+01:00,32636.6,121.61
2025-02-09T11:00:00+01:00,2025-02-09T12:00:00+01:00,35319.2,122.01
2025-02-09T12:00:00+01:00,2025-02-09T13:00:00+01:00,37670.8,140.32
2025-02-09T13:00:00+01:00,2025-02-09T14:00:00+01:00,33521.8,120.09
2025-02-09T14:00:00+01:00,2025-02-09T15:00:00+01:00,30520.2,109.9
2025-02-09T15:00:00+01:00,2025-02-09T16:00:00+01:00,24959.8,120.4
2025-02-09T16:00:00+01:00,2025-02-09T17:00:00+01:00,23252.8,142.64
2025-02-09T17:00:00+01:00,2025-02-09T18:00:00+01:00,29631.6,149.54
2025-02-09T18:00:00+01:00,2025-02-09T19:00:00+01:00,28345.4,162.96
2025-02-09T19:00:00+01:00,2025-02-09T20:00:00+01:00,27154.6,169.86
2025-02-09T20:00:00+01:00,2025-02-09T21:00:00+01:00,27824.6,155.01
2025-02-09T21:00:00+01:00,2025-02-09T22:00:00+01:00,27265.6,143.05
2025-02-09T22:00:00+01:00,2025-02-09T23:00:00+01:00,24711.8,143
2025-02-09T23:00:00+01:00,2025-02-10T00:00:00+01:00,25953,134.04
2025-02-10T00:00:00+01:00,2025-02-10T01:00:00+01:00,22324.6,124.35
2025-02-10T01:00:00+01:00,2025-02-10T02:00:00+01:00,21628.4,125.05
2025-02-10T02:00:00+01:00,2025-02-10T03:00:00+01:00,21621.8,122.01
2025-02-10T03:00:00+01:00,2025-02-10T04:00:00+01:00,20310.4,114.75
2025-02-10T04:00:00+01:00,2025-02-10T05:00:00+01:00,20257,114.48
2025-02-10T05:00:00+01:00,2025-02-10T06:00:00+01:00,22029.2,119.98
2025-02-10T06:00:00+01:00,2025-02-10T07:00:00+01:00,25573,145.78
2025-02-10T07:00:00+01:00,2025-02-10T08:00:00+01:00,31321.6,166.14
2025-02-10T08:00:00+01:00,2025-02-10T09:00:00+01:00,33449,181.36
2025-02-10T09:00:00+01:00,2025-02-10T10:00:00+01:00,32536.6,163.18
2025-02-10T10:00:00+01:00,2025-02-10T11:00:00+01:00,34251,157.02
2025-02-10T11:00:00+01:00,2025-02-10T12:00:00+01:00,36892.4,155
2025-02-10T12:00:00+01:00,2025-02-10T13:00:00+01:00,37501.2,147.84
2025-02-10T13:00:00+01:00,2025-02-10T14:00:00+01:00,36460,135.21
2025-02-10T14:00:00+01:00,2025-02-10T15:00:00+01:00,34757.4,126.71
2025-02-10T15:00:00+01:00,2025-02-10T16:00:00+01:00,29634.6,132.95
2025-02-10T16:00:00+01:00,2025-02-10T17:00:00+01:00,27786.4,137.17
2025-02-10T17:00:00+01:00,2025-02-10T18:00:00+01:00,26247.4,140.83
2025-02-10T18:00:00+01:00,2025-02-10T19:00:00+01:00,31120.4,166.34
2025-02-10T19:00:00+01:00,2025-02-10T20:00:00+01:00,29783.4,183.73
2025-02-10T20:00:00+01:00,2025-02-10T21:00:00+01:00,28446.8,164.57
2025-02-10T21:00:00+01:00,2025-02-10T22:00:00+01:00,25624.2,153.4
2025-02-10T22:00:00+01:00,2025-02-10T23:00:00+01:00,24731,151.69
2025-02-10T23:00:00+01:00,2025-02-11T00:00:00+01:00,25541.8,131.51
2025-02-12T00:00:00+01:00,2025-02-12T01:00:00+01:00,23872.6,130
2025-02-12T01:00:00+01:00,2025-02-12T02:00:00+01:00,24355.6,127.87
2025-02-12T02:00:00+01:00,2025-02-12T03:00:00+01:00,24117.2,126.82
2025-02-12T03:00:00+01:00,2025-02-12T04:00:00+01:00,23547.8,126.59
2025-02-12T04:00:00+01:00,2025-02-12T05:00:00+01:00,23001.6,128.74
2025-02-12T05:00:00+01:00,2025-02-12T06:00:00+01:00,22805.2,131.62
2025-02-12T06:00:00+01:00,2025-02-12T07:00:00+01:00,28409.2,146.24
2025-02-12T07:00:00+01:00,2025-02-12T08:00:00+01:00,33074.2,163.65
2025-02-12T08:00:00+01:00,2025-02-12T09:00:00+01:00,34684,180
2025-02-12T09:00:00+01:00,2025-02-12T10:00:00+01:00,32308.8,174.92
2025-02-12T10:00:00+01:00,2025-02-12T11:00:00+01:00,34696,163.22
2025-02-12T11:00:00+01:00,2025-02-12T12:00:00+01:00,36151.6,150.56
2025-02-12T12:00:00+01:00,2025-02-12T13:00:00+01:00,36898,141.19
2025-02-12T13:00:00+01:00,2025-02-12T14:00:00+01:00,34188.6,143.65
2025-02-12T14:00:00+01:00,2025-02-12T15:00:00+01:00,31833.8,150.79
2025-02-12T15:00:00+01:00,2025-02-12T16:00:00+01:00,28861.6,161.38
2025-02-12T16:00:00+01:00,2025-02-12T17:00:00+01:00,30899.4,167.33
2025-02-12T17:00:00+01:00,2025-02-12T18:00:00+01:00,36341,165.38
2025-02-12T18:00:00+01:00,2025-02-12T19:00:00+01:00,34197.6,200.01
2025-02-12T19:00:00+01:00,2025-02-12T20:00:00+01:00,32556.8,194.44
2025-02-12T20:00:00+01:00,2025-02-12T21:00:00+01:00,31633.8,177.52
2025-02-12T21:00:00+01:00,2025-02-12T22:00:00+01:00,28959.4,157.55
2025-02-12T22:00:00+01:00,2025-02-12T23:00:00+01:00,26879.2,152.08
2025-02-12T23:00:00+01:00,2025-02-13T00:00:00+01:00,25566,143.24
2025-02-13T00:00:00+01:00,2025-02-13T01:00:00+01:00,25204.2,129
2025-02-13T01:00:00+01:00,2025-02-13T02:00:00+01:00,25174.6,121.06
2025-02-13T02:00:00+01:00,2025-02-13T03:00:00+01:00,24099.6,131.77
2025-02-13T03:00:00+01:00,2025-02-13T04:00:00+01:00,24577.8,118.59
2025-02-13T04:00:00+01:00,2025-02-13T05:00:00+01:00,24203.8,114.3
2025-02-13T05:00:00+01:00,2025-02-13T06:00:00+01:00,24072.2,123.81
2025-02-13T06:00:00+01:00,2025-02-13T07:00:00+01:00,28586.2,135.9
2025-02-13T07:00:00+01:00,2025-02-13T08:00:00+01:00,33776.4,160.05
2025-02-13T08:00:00+01:00,2025-02-13T09:00:00+01:00,37255.8,195.2
2025-02-13T09:00:00+01:00,2025-02-13T10:00:00+01:00,34151.4,169.36
2025-02-13T10:00:00+01:00,2025-02-13T11:00:00+01:00,33598.2,163.94
2025-02-13T11:00:00+01:00,2025-02-13T12:00:00+01:00,32391.2,156.06
2025-02-13T12:00:00+01:00,2025-02-13T13:00:00+01:00,31906,149.06
2025-02-13T13:00:00+01:00,2025-02-13T14:00:00+01:00,32052,141.94
2025-02-13T14:00:00+01:00,2025-02-13T15:00:00+01:00,32273.4,144.8
2025-02-13T15:00:00+01:00,2025-02-13T16:00:00+01:00,31420.4,143.35
2025-02-13T16:00:00+01:00,2025-02-13T17:00:00+01:00,31599.6,144.42
2025-02-13T17:00:00+01:00,2025-02-13T18:00:00+01:00,35701.8,156.8
2025-02-13T18:00:00+01:00,2025-02-13T19:00:00+01:00,34608.8,186.96
2025-02-13T19:00:00+01:00,2025-02-13T20:00:00+01:00,34813.4,196.52
2025-02-13T20:00:00+01:00,2025-02-13T21:00:00+01:00,38405,177.12
2025-02-13T21:00:00+01:00,2025-02-13T22:00:00+01:00,36437.4,162.92
2025-02-13T22:00:00+01:00,2025-02-13T23:00:00+01:00,29546,153.12
2025-02-13T23:00:00+01:00,2025-02-14T00:00:00+01:00,27813.4,139
2025-02-14T00:00:00+01:00,2025-02-14T01:00:00+01:00,26027.2,128.76
2025-02-14T01:00:00+01:00,2025-02-14T02:00:00+01:00,26191.6,132.45
2025-02-14T02:00:00+01:00,2025-02-14T03:00:00+01:00,25896,124.57
2025-02-14T03:00:00+01:00,2025-02-14T04:00:00+01:00,26526.6,113.86
2025-02-14T04:00:00+01:00,2025-02-14T05:00:00+01:00,27026.2,114.45
2025-02-14T05:00:00+01:00,2025-02-14T06:00:00+01:00,26326,127.38
2025-02-14T06:00:00+01:00,2025-02-14T07:00:00+01:00,30979.6,131.21
2025-02-14T07:00:00+01:00,2025-02-14T08:00:00+01:00,39474.4,158.73
2025-02-14T08:00:00+01:00,2025-02-14T09:00:00+01:00,39925.2,189.79
2025-02-14T09:00:00+01:00,2025-02-14T10:00:00+01:00,38305.2,179.27
2025-02-14T10:00:00+01:00,2025-02-14T11:00:00+01:00,38543.8,167.01
2025-02-14T11:00:00+01:00,2025-02-14T12:00:00+01:00,39236.2,145.23
2025-02-14T12:00:00+01:00,2025-02-14T13:00:00+01:00,39030,145.01
2025-02-14T13:00:00+01:00,2025-02-14T14:00:00+01:00,38715,129.07
2025-02-14T14:00:00+01:00,2025-02-14T15:00:00+01:00,37212.4,125.16
2025-02-14T15:00:00+01:00,2025-02-14T16:00:00+01:00,36424.8,124.86
2025-02-14T16:00:00+01:00,2025-02-14T17:00:00+01:00,36697.4,140.1
2025-02-14T17:00:00+01:00,2025-02-14T18:00:00+01:00,35681.6,150.62
2025-02-14T18:00:00+01:00,2025-02-14T19:00:00+01:00,38263.6,185
2025-02-14T19:00:00+01:00,2025-02-14T20:00:00+01:00,37227.4,201.66
2025-02-14T20:00:00+01:00,2025-02-14T21:00:00+01:00,39718,183.55
2025-02-14T21:00:00+01:00,2025-02-14T22:00:00+01:00,38522.8,160.06
2025-02-14T22:00:00+01:00,2025-02-14T23:00:00+01:00,33601.4,153
2025-02-14T23:00:00+01:00,2025-02-15T00:00:00+01:00,27991.4,140.03
2025-02-15T00:00:00+01:00,2025-02-15T01:00:00+01:00,26248,122.58
2025-02-15T01:00:00+01:00,2025-02-15T02:00:00+01:00,26107,117.99
2025-02-15T02:00:00+01:00,2025-02-15T03:00:00+01:00,24085.2,111.31
2025-02-15T03:00:00+01:00,2025-02-15T04:00:00+01:00,24694.2,102.34
2025-02-15T04:00:00+01:00,2025-02-15T05:00:00+01:00,24722.2,100.11
2025-02-15T05:00:00+01:00,2025-02-15T06:00:00+01:00,24079.4,102.64
2025-02-15T06:00:00+01:00,2025-02-15T07:00:00+01:00,24209.2,110.62
2025-02-15T07:00:00+01:00,2025-02-15T08:00:00+01:00,27896.8,129.22
2025-02-15T08:00:00+01:00,2025-02-15T09:00:00+01:00,30371.6,136.06
2025-02-15T09:00:00+01:00,2025-02-15T10:00:00+01:00,30590.2,136.05
2025-02-15T10:00:00+01:00,2025-02-15T11:00:00+01:00,30520.8,124.59
2025-02-15T11:00:00+01:00,2025-02-15T12:00:00+01:00,30279.2,118.36
2025-02-15T12:00:00+01:00,2025-02-15T13:00:00+01:00,29427.4,112.39
2025-02-15T13:00:00+01:00,2025-02-15T14:00:00+01:00,29140.4,110.01
2025-02-15T14:00:00+01:00,2025-02-15T15:00:00+01:00,29974.8,107.92
2025-02-15T15:00:00+01:00,2025-02-15T16:00:00+01:00,29482.6,105.47
2025-02-15T16:00:00+01:00,2025-02-15T17:00:00+01:00,29643.2,111.83
2025-02-15T17:00:00+01:00,2025-02-15T18:00:00+01:00,31060,128.68
2025-02-15T18:00:00+01:00,2025-02-15T19:00:00+01:00,35600.2,149.91
2025-02-15T19:00:00+01:00,2025-02-15T20:00:00+01:00,35072.2,158.09
2025-02-15T20:00:00+01:00,2025-02-15T21:00:00+01:00,35244.8,131.51
2025-02-15T21:00:00+01:00,2025-02-15T22:00:00+01:00,30642,125
2025-02-15T22:00:00+01:00,2025-02-15T23:00:00+01:00,26221.6,127.91
2025-02-15T23:00:00+01:00,2025-02-16T00:00:00+01:00,23169.4,125.3
2025-02-16T00:00:00+01:00,2025-02-16T01:00:00+01:00,27422.8,134.11
2025-02-16T01:00:00+01:00,2025-02-16T02:00:00+01:00,25825.2,128.9
2025-02-16T02:00:00+01:00,2025-02-16T03:00:00+01:00,25086.2,123.57
2025-02-16T03:00:00+01:00,2025-02-16T04:00:00+01:00,25843,119.9
2025-02-16T04:00:00+01:00,2025-02-16T05:00:00+01:00,24867.2,119.57
2025-02-16T05:00:00+01:00,2025-02-16T06:00:00+01:00,24397.8,120.24
2025-02-16T06:00:00+01:00,2025-02-16T07:00:00+01:00,23913,120.25
2025-02-16T07:00:00+01:00,2025-02-16T08:00:00+01:00,23849.4,128.06
2025-02-16T08:00:00+01:00,2025-02-16T09:00:00+01:00,24051.2,129.14
2025-02-16T09:00:00+01:00,2025-02-16T10:00:00+01:00,25415.4,129.59
2025-02-16T10:00:00+01:00,2025-02-16T11:00:00+01:00,27201,123.39
2025-02-16T11:00:00+01:00,2025-02-16T12:00:00+01:00,27778,115.79
2025-02-16T12:00:00+01:00,2025-02-16T13:00:00+01:00,27736.6,120.62
2025-02-16T13:00:00+01:00,2025-02-16T14:00:00+01:00,27996.2,105.48
2025-02-16T14:00:00+01:00,2025-02-16T15:00:00+01:00,26621,100.88
2025-02-16T15:00:00+01:00,2025-02-16T16:00:00+01:00,25688,97.51
2025-02-16T16:00:00+01:00,2025-02-16T17:00:00+01:00,27465,107.21
2025-02-16T17:00:00+01:00,2025-02-16T18:00:00+01:00,29351.8,120.08
2025-02-16T18:00:00+01:00,2025-02-16T19:00:00+01:00,34473,139.08
2025-02-16T19:00:00+01:00,2025-02-16T20:00:00+01:00,37613.2,161.56
2025-02-16T20:00:00+01:00,2025-02-16T21:00:00+01:00,41217,154.95
2025-02-16T21:00:00+01:00,2025-02-16T22:00:00+01:00,38499.8,138.77
2025-02-16T22:00:00+01:00,2025-02-16T23:00:00+01:00,33611.4,137.12
2025-02-16T23:00:00+01:00,2025-02-17T00:00:00+01:00,29663.6,131.51
2025-02-17T00:00:00+01:00,2025-02-17T01:00:00+01:00,25134.2,127.87
2025-02-17T01:00:00+01:00,2025-02-17T02:00:00+01:00,24571.2,121.06
2025-02-17T02:00:00+01:00,2025-02-17T03:00:00+01:00,24637.6,120.34
2025-02-17T03:00:00+01:00,2025-02-17T04:00:00+01:00,26001.8,115.97
2025-02-17T04:00:00+01:00,2025-02-17T05:00:00+01:00,25819.4,116.23
2025-02-17T05:00:00+01:00,2025-02-17T06:00:00+01:00,24755.6,121.21
2025-02-17T06:00:00+01:00,2025-02-17T07:00:00+01:00,29624.2,141.19
2025-02-17T07:00:00+01:00,2025-02-17T08:00:00+01:00,36519.8,204.74
2025-02-17T08:00:00+01:00,2025-02-17T09:00:00+01:00,36379.4,209.79
2025-02-17T09:00:00+01:00,2025-02-17T10:00:00+01:00,35306,171.3
2025-02-17T10:00:00+01:00,2025-02-17T11:00:00+01:00,29531,139.67
2025-02-17T11:00:00+01:00,2025-02-17T12:00:00+01:00,28032.8,117.26
2025-02-17T12:00:00+01:00,2025-02-17T13:00:00+01:00,27816.8,109.9
2025-02-17T13:00:00+01:00,2025-02-17T14:00:00+01:00,29675.4,106.84
2025-02-17T14:00:00+01:00,2025-02-17T15:00:00+01:00,32440.4,112.31
2025-02-17T15:00:00+01:00,2025-02-17T16:00:00+01:00,34902.6,119.28
2025-02-17T16:00:00+01:00,2025-02-17T17:00:00+01:00,37233.8,133.15
2025-02-17T17:00:00+01:00,2025-02-17T18:00:00+01:00,39461.6,155.85
2025-02-17T18:00:00+01:00,2025-02-17T19:00:00+01:00,39371.4,213.34
2025-02-17T19:00:00+01:00,2025-02-17T20:00:00+01:00,37734.2,215.52
2025-02-17T20:00:00+01:00,2025-02-17T21:00:00+01:00,40650,178
2025-02-17T21:00:00+01:00,2025-02-17T22:00:00+01:00,38917.2,155.62
2025-02-17T22:00:00+01:00,2025-02-17T23:00:00+01:00,32287.8,140
2025-02-17T23:00:00+01:00,2025-02-18T00:00:00+01:00,27100.6,130.6
2025-02-18T00:00:00+01:00,2025-02-18T01:00:00+01:00,28519.2,133.29
2025-02-18T01:00:00+01:00,2025-02-18T02:00:00+01:00,27963.6,125.18
2025-02-18T02:00:00+01:00,2025-02-18T03:00:00+01:00,27914.4,123.92
2025-02-18T03:00:00+01:00,2025-02-18T04:00:00+01:00,28006.2,114.03
2025-02-18T04:00:00+01:00,2025-02-18T05:00:00+01:00,27629.2,111.81
2025-02-18T05:00:00+01:00,2025-02-18T06:00:00+01:00,28694.8,118.5
2025-02-18T06:00:00+01:00,2025-02-18T07:00:00+01:00,33114.6,129.6
2025-02-18T07:00:00+01:00,2025-02-18T08:00:00+01:00,40855.4,170.8
2025-02-18T08:00:00+01:00,2025-02-18T09:00:00+01:00,40901.8,193.8
2025-02-18T09:00:00+01:00,2025-02-18T10:00:00+01:00,40801.2,144.73
2025-02-18T10:00:00+01:00,2025-02-18T11:00:00+01:00,30439,125.87
2025-02-18T11:00:00+01:00,2025-02-18T12:00:00+01:00,33206.8,111.75
2025-02-18T12:00:00+01:00,2025-02-18T13:00:00+01:00,35256,100.69
2025-02-18T13:00:00+01:00,2025-02-18T14:00:00+01:00,32437.4,94.11
2025-02-18T14:00:00+01:00,2025-02-18T15:00:00+01:00,31483.8,102.96
2025-02-18T15:00:00+01:00,2025-02-18T16:00:00+01:00,35598.8,113.76
2025-02-18T16:00:00+01:00,2025-02-18T17:00:00+01:00,38229,124.68
2025-02-18T17:00:00+01:00,2025-02-18T18:00:00+01:00,39629.8,138.32
2025-02-18T18:00:00+01:00,2025-02-18T19:00:00+01:00,40711,168.49
2025-02-18T19:00:00+01:00,2025-02-18T20:00:00+01:00,38469.6,159.88
2025-02-18T20:00:00+01:00,2025-02-18T21:00:00+01:00,38810.8,144.4
2025-02-18T21:00:00+01:00,2025-02-18T22:00:00+01:00,36432.8,133.54
2025-02-18T22:00:00+01:00,2025-02-18T23:00:00+01:00,32100.6,124.02
2025-02-18T23:00:00+01:00,2025-02-19T00:00:00+01:00,29493.4,116.23
2025-02-19T00:00:00+01:00,2025-02-19T01:00:00+01:00,26586.4,106.48
2025-02-19T01:00:00+01:00,2025-02-19T02:00:00+01:00,26831.8,101.18
2025-02-19T02:00:00+01:00,2025-02-19T03:00:00+01:00,25674.6,101.3
2025-02-19T03:00:00+01:00,2025-02-19T04:00:00+01:00,27060.2,99
2025-02-19T04:00:00+01:00,2025-02-19T05:00:00+01:00,28207.4,96.06
2025-02-19T05:00:00+01:00,2025-02-19T06:00:00+01:00,28279,101.83
2025-02-19T06:00:00+01:00,2025-02-19T07:00:00+01:00,34538,120.18
2025-02-19T07:00:00+01:00,2025-02-19T08:00:00+01:00,43221.6,149.5
2025-02-19T08:00:00+01:00,2025-02-19T09:00:00+01:00,43363,167.39
2025-02-19T09:00:00+01:00,2025-02-19T10:00:00+01:00,38709.4,133.73
2025-02-19T10:00:00+01:00,2025-02-19T11:00:00+01:00,34605.8,114.37
2025-02-19T11:00:00+01:00,2025-02-19T12:00:00+01:00,34143,105.57
2025-02-19T12:00:00+01:00,2025-02-19T13:00:00+01:00,34032.2,104.24
2025-02-19T13:00:00+01:00,2025-02-19T14:00:00+01:00,32172.4,97.23
2025-02-19T14:00:00+01:00,2025-02-19T15:00:00+01:00,29541,97.3
2025-02-19T15:00:00+01:00,2025-02-19T16:00:00+01:00,30197.6,109.7
2025-02-19T16:00:00+01:00,2025-02-19T17:00:00+01:00,36365,118.06
2025-02-19T17:00:00+01:00,2025-02-19T18:00:00+01:00,39725.2,123.29
2025-02-19T18:00:00+01:00,2025-02-19T19:00:00+01:00,40414.8,151.3
2025-02-19T19:00:00+01:00,2025-02-19T20:00:00+01:00,37594.2,150.04
2025-02-19T20:00:00+01:00,2025-02-19T21:00:00+01:00,36818.4,126.79
2025-02-19T21:00:00+01:00,2025-02-19T22:00:00+01:00,30149.8,118.69
2025-02-19T22:00:00+01:00,2025-02-19T23:00:00+01:00,28449.4,116.8
2025-02-19T23:00:00+01:00,2025-02-20T00:00:00+01:00,27553.8,105.34
2025-02-20T00:00:00+01:00,2025-02-20T01:00:00+01:00,27823.2,90.89
2025-02-20T01:00:00+01:00,2025-02-20T02:00:00+01:00,29325.8,89.97
2025-02-20T02:00:00+01:00,2025-02-20T03:00:00+01:00,29195.2,89.41
2025-02-20T03:00:00+01:00,2025-02-20T04:00:00+01:00,33133.6,87.03
2025-02-20T04:00:00+01:00,2025-02-20T05:00:00+01:00,34767.2,85.89
2025-02-20T05:00:00+01:00,2025-02-20T06:00:00+01:00,34710,87.98
2025-02-20T06:00:00+01:00,2025-02-20T07:00:00+01:00,36163.6,98.19
2025-02-20T07:00:00+01:00,2025-02-20T08:00:00+01:00,41082,113.87
2025-02-20T08:00:00+01:00,2025-02-20T09:00:00+01:00,42555.4,131.1
2025-02-20T09:00:00+01:00,2025-02-20T10:00:00+01:00,39128.4,114.26
2025-02-20T10:00:00+01:00,2025-02-20T11:00:00+01:00,39352.6,98.01
2025-02-20T11:00:00+01:00,2025-02-20T12:00:00+01:00,40045,87.9
2025-02-20T12:00:00+01:00,2025-02-20T13:00:00+01:00,39426.2,87.87
2025-02-20T13:00:00+01:00,2025-02-20T14:00:00+01:00,40227,85.05
2025-02-20T14:00:00+01:00,2025-02-20T15:00:00+01:00,38677.6,85.53
2025-02-20T15:00:00+01:00,2025-02-20T16:00:00+01:00,38553,88.29
2025-02-20T16:00:00+01:00,2025-02-20T17:00:00+01:00,35674.8,91.1
2025-02-20T17:00:00+01:00,2025-02-20T18:00:00+01:00,38579.4,109.56
2025-02-20T18:00:00+01:00,2025-02-20T19:00:00+01:00,36926.6,127.42
2025-02-20T19:00:00+01:00,2025-02-20T20:00:00+01:00,35400.4,133.98
2025-02-20T20:00:00+01:00,2025-02-20T21:00:00+01:00,34024.2,116.63
2025-02-20T21:00:00+01:00,2025-02-20T22:00:00+01:00,32053.4,101.28
2025-02-20T22:00:00+01:00,2025-02-20T23:00:00+01:00,31380.2,98.51
2025-02-20T23:00:00+01:00,2025-02-21T00:00:00+01:00,30871.4,88
2025-02-21T00:00:00+01:00,2025-02-21T01:00:00+01:00,27261,76.16
2025-02-21T01:00:00+01:00,2025-02-21T02:00:00+01:00,27619.8,70
2025-02-21T02:00:00+01:00,2025-02-21T03:00:00+01:00,26233,62.07
2025-02-21T03:00:00+01:00,2025-02-21T04:00:00+01:00,27543.8,51.98
2025-02-21T04:00:00+01:00,2025-02-21T05:00:00+01:00,29524.2,40.7
2025-02-21T05:00:00+01:00,2025-02-21T06:00:00+01:00,30856.8,38.71
2025-02-21T06:00:00+01:00,2025-02-21T07:00:00+01:00,30655.6,52.5
2025-02-21T07:00:00+01:00,2025-02-21T08:00:00+01:00,35438.4,69.96
2025-02-21T08:00:00+01:00,2025-02-21T09:00:00+01:00,40879.6,78.92
2025-02-21T09:00:00+01:00,2025-02-21T10:00:00+01:00,36511,80.11
2025-02-21T10:00:00+01:00,2025-02-21T11:00:00+01:00,40597.4,67.46
2025-02-21T11:00:00+01:00,2025-02-21T12:00:00+01:00,42190.6,50.69
2025-02-21T12:00:00+01:00,2025-02-21T13:00:00+01:00,42912.6,52.95
2025-02-21T13:00:00+01:00,2025-02-21T14:00:00+01:00,42735,43.87
2025-02-21T14:00:00+01:00,2025-02-21T15:00:00+01:00,41699.6,32.74
2025-02-21T15:00:00+01:00,2025-02-21T16:00:00+01:00,39230.6,50.16
2025-02-21T16:00:00+01:00,2025-02-21T17:00:00+01:00,35606,53.9
2025-02-21T17:00:00+01:00,2025-02-21T18:00:00+01:00,36567.6,76.34
2025-02-21T18:00:00+01:00,2025-02-21T19:00:00+01:00,40650.8,94.58
2025-02-21T19:00:00+01:00,2025-02-21T20:00:00+01:00,36719.8,93.83
2025-02-21T20:00:00+01:00,2025-02-21T21:00:00+01:00,36707.4,84.97
2025-02-21T21:00:00+01:00,2025-02-21T22:00:00+01:00,35806.6,70.94
2025-02-21T22:00:00+01:00,2025-02-21T23:00:00+01:00,29834.6,69.96
2025-02-21T23:00:00+01:00,2025-02-22T00:00:00+01:00,26924.4,70.17
2025-02-22T00:00:00+01:00,2025-02-22T01:00:00+01:00,29327.8,59.05
2025-02-22T01:00:00+01:00,2025-02-22T02:00:00+01:00,29518.2,53.92
2025-02-22T02:00:00+01:00,2025-02-22T03:00:00+01:00,29336.4,52.12
2025-02-22T03:00:00+01:00,2025-02-22T04:00:00+01:00,29956.6,45.5
2025-02-22T04:00:00+01:00,2025-02-22T05:00:00+01:00,32250,44.72
2025-02-22T05:00:00+01:00,2025-02-22T06:00:00+01:00,31212.2,55.54
2025-02-22T06:00:00+01:00,2025-02-22T07:00:00+01:00,30757,61.03
2025-02-22T07:00:00+01:00,2025-02-22T08:00:00+01:00,36660.2,70.83
2025-02-22T08:00:00+01:00,2025-02-22T09:00:00+01:00,34861,73.33
2025-02-22T09:00:00+01:00,2025-02-22T10:00:00+01:00,30777.4,72.86
2025-02-22T10:00:00+01:00,2025-02-22T11:00:00+01:00,32708.4,64.48
2025-02-22T11:00:00+01:00,2025-02-22T12:00:00+01:00,32545.2,63
2025-02-22T12:00:00+01:00,2025-02-22T13:00:00+01:00,33833.4,60.07
2025-02-22T13:00:00+01:00,2025-02-22T14:00:00+01:00,32206.6,58.15
2025-02-22T14:00:00+01:00,2025-02-22T15:00:00+01:00,33602,65.05
2025-02-22T15:00:00+01:00,2025-02-22T16:00:00+01:00,31505,62.77
2025-02-22T16:00:00+01:00,2025-02-22T17:00:00+01:00,31458.2,63.72
2025-02-22T17:00:00+01:00,2025-02-22T18:00:00+01:00,32179,82.22
2025-02-22T18:00:00+01:00,2025-02-22T19:00:00+01:00,38509.8,122.94
2025-02-22T19:00:00+01:00,2025-02-22T20:00:00+01:00,35562.6,130.72
2025-02-22T20:00:00+01:00,2025-02-22T21:00:00+01:00,36143.8,121.47
2025-02-22T21:00:00+01:00,2025-02-22T22:00:00+01:00,34633.2,110.79
2025-02-22T22:00:00+01:00,2025-02-22T23:00:00+01:00,27478.2,107.11
2025-02-22T23:00:00+01:00,2025-02-23T00:00:00+01:00,25659,102.2
2025-02-23T00:00:00+01:00,2025-02-23T01:00:00+01:00,22479.4,99.25
2025-02-23T01:00:00+01:00,2025-02-23T02:00:00+01:00,25054.8,90.94
2025-02-23T02:00:00+01:00,2025-02-23T03:00:00+01:00,25663.4,88.92
2025-02-23T03:00:00+01:00,2025-02-23T04:00:00+01:00,26733.6,77.83
2025-02-23T04:00:00+01:00,2025-02-23T05:00:00+01:00,26673,75.54
2025-02-23T05:00:00+01:00,2025-02-23T06:00:00+01:00,27756.8,76.45
2025-02-23T06:00:00+01:00,2025-02-23T07:00:00+01:00,28708.4,79.98
2025-02-23T07:00:00+01:00,2025-02-23T08:00:00+01:00,28543.2,80.1
2025-02-23T08:00:00+01:00,2025-02-23T09:00:00+01:00,26656.4,76.74
2025-02-23T09:00:00+01:00,2025-02-23T10:00:00+01:00,24735.6,61.58
2025-02-23T10:00:00+01:00,2025-02-23T11:00:00+01:00,25979,53
2025-02-23T11:00:00+01:00,2025-02-23T12:00:00+01:00,27534.8,43.42
2025-02-23T12:00:00+01:00,2025-02-23T13:00:00+01:00,30744.8,53.89
2025-02-23T13:00:00+01:00,2025-02-23T14:00:00+01:00,31871.4,43.91
2025-02-23T14:00:00+01:00,2025-02-23T15:00:00+01:00,33124.8,22.18
2025-02-23T15:00:00+01:00,2025-02-23T16:00:00+01:00,32705.8,28.53
2025-02-23T16:00:00+01:00,2025-02-23T17:00:00+01:00,29633,30.1
2025-02-23T17:00:00+01:00,2025-02-23T18:00:00+01:00,29343.2,50
2025-02-23T18:00:00+01:00,2025-02-23T19:00:00+01:00,35315.8,100.9
2025-02-23T19:00:00+01:00,2025-02-23T20:00:00+01:00,35230,122.94
2025-02-23T20:00:00+01:00,2025-02-23T21:00:00+01:00,34163.6,100.52
2025-02-23T21:00:00+01:00,2025-02-23T22:00:00+01:00,35615.4,81.42
2025-02-23T22:00:00+01:00,2025-02-23T23:00:00+01:00,34371.2,81.77
2025-02-23T23:00:00+01:00,2025-02-24T00:00:00+01:00,34708.4,67.3
2025-02-24T00:00:00+01:00,2025-02-24T01:00:00+01:00,34878,35.01
2025-02-24T01:00:00+01:00,2025-02-24T02:00:00+01:00,32862.2,30.19
2025-02-24T02:00:00+01:00,2025-02-24T03:00:00+01:00,32701,27.44
2025-02-24T03:00:00+01:00,2025-02-24T04:00:00+01:00,33820.6,24.56
2025-02-24T04:00:00+01:00,2025-02-24T05:00:00+01:00,33961.6,17.98
2025-02-24T05:00:00+01:00,2025-02-24T06:00:00+01:00,33439.4,28.3
2025-02-24T06:00:00+01:00,2025-02-24T07:00:00+01:00,32989.2,72.07
2025-02-24T07:00:00+01:00,2025-02-24T08:00:00+01:00,34402.6,103.33
2025-02-24T08:00:00+01:00,2025-02-24T09:00:00+01:00,31330.6,116.86
2025-02-24T09:00:00+01:00,2025-02-24T10:00:00+01:00,31521.2,100
2025-02-24T10:00:00+01:00,2025-02-24T11:00:00+01:00,33622.6,88.64
2025-02-24T11:00:00+01:00,2025-02-24T12:00:00+01:00,34796,88.95
2025-02-24T12:00:00+01:00,2025-02-24T13:00:00+01:00,33666.6,86.65
2025-02-24T13:00:00+01:00,2025-02-24T14:00:00+01:00,31994.6,87.03
2025-02-24T14:00:00+01:00,2025-02-24T15:00:00+01:00,31246.6,89.45
2025-02-24T15:00:00+01:00,2025-02-24T16:00:00+01:00,30905.8,91.2
2025-02-24T16:00:00+01:00,2025-02-24T17:00:00+01:00,31979.4,109.17
2025-02-24T17:00:00+01:00,2025-02-24T18:00:00+01:00,33394.2,112.99
2025-02-24T18:00:00+01:00,2025-02-24T19:00:00+01:00,34214.6,147.92
2025-02-24T19:00:00+01:00,2025-02-24T20:00:00+01:00,31765.8,159.17
2025-02-24T20:00:00+01:00,2025-02-24T21:00:00+01:00,31657.6,134.91
2025-02-24T21:00:00+01:00,2025-02-24T22:00:00+01:00,33021.2,115.28
2025-02-24T22:00:00+01:00,2025-02-24T23:00:00+01:00,27880.8,106.88
2025-02-24T23:00:00+01:00,2025-02-25T00:00:00+01:00,26214,108.03
2025-02-25T00:00:00+01:00,2025-02-25T01:00:00+01:00,24111.6,89.72
2025-02-25T01:00:00+01:00,2025-02-25T02:00:00+01:00,24919,89.33
2025-02-25T02:00:00+01:00,2025-02-25T03:00:00+01:00,25487,87.75
2025-02-25T03:00:00+01:00,2025-02-25T04:00:00+01:00,25692.4,85.96
2025-02-25T04:00:00+01:00,2025-02-25T05:00:00+01:00,24839.6,80.49
2025-02-25T05:00:00+01:00,2025-02-25T06:00:00+01:00,25833.2,92.92
2025-02-25T06:00:00+01:00,2025-02-25T07:00:00+01:00,27953.4,110.98
2025-02-25T07:00:00+01:00,2025-02-25T08:00:00+01:00,29966.2,123.75
2025-02-25T08:00:00+01:00,2025-02-25T09:00:00+01:00,32936.6,136.97
2025-02-25T09:00:00+01:00,2025-02-25T10:00:00+01:00,32441,131.04
2025-02-25T10:00:00+01:00,2025-02-25T11:00:00+01:00,32590.2,113.1
2025-02-25T11:00:00+01:00,2025-02-25T12:00:00+01:00,31202.2,102.9
2025-02-25T12:00:00+01:00,2025-02-25T13:00:00+01:00,29908.8,93
2025-02-25T13:00:00+01:00,2025-02-25T14:00:00+01:00,30626.2,83.28
2025-02-25T14:00:00+01:00,2025-02-25T15:00:00+01:00,31163.6,81.78
2025-02-25T15:00:00+01:00,2025-02-25T16:00:00+01:00,30941.6,83.02
2025-02-25T16:00:00+01:00,2025-02-25T17:00:00+01:00,30160.2,84.27
2025-02-25T17:00:00+01:00,2025-02-25T18:00:00+01:00,30909.8,92.86
2025-02-25T18:00:00+01:00,2025-02-25T19:00:00+01:00,31559.2,115.84
2025-02-25T19:00:00+01:00,2025-02-25T20:00:00+01:00,33809.2,140.99
2025-02-25T20:00:00+01:00,2025-02-25T21:00:00+01:00,35180.6,135.55
2025-02-25T21:00:00+01:00,2025-02-25T22:00:00+01:00,33406.8,118.45
2025-02-25T22:00:00+01:00,2025-02-25T23:00:00+01:00,31489.4,114.28
2025-02-25T23:00:00+01:00,2025-02-26T00:00:00+01:00,27442.8,100.41
2025-02-26T00:00:00+01:00,2025-02-26T01:00:00+01:00,30631.4,102.48
2025-02-26T01:00:00+01:00,2025-02-26T02:00:00+01:00,30885.6,86.87
2025-02-26T02:00:00+01:00,2025-02-26T03:00:00+01:00,28508.8,92.98
2025-02-26T03:00:00+01:00,2025-02-26T04:00:00+01:00,27869,86.38
2025-02-26T04:00:00+01:00,2025-02-26T05:00:00+01:00,28419.6,88.59
2025-02-26T05:00:00+01:00,2025-02-26T06:00:00+01:00,29737.4,97.82
2025-02-26T06:00:00+01:00,2025-02-26T07:00:00+01:00,29985.4,111.76
2025-02-26T07:00:00+01:00,2025-02-26T08:00:00+01:00,34928.8,136.2
2025-02-26T08:00:00+01:00,2025-02-26T09:00:00+01:00,36470.6,139.08
2025-02-26T09:00:00+01:00,2025-02-26T10:00:00+01:00,33889.2,121.43
2025-02-26T10:00:00+01:00,2025-02-26T11:00:00+01:00,36389.6,94.73
2025-02-26T11:00:00+01:00,2025-02-26T12:00:00+01:00,37012.8,83.07
2025-02-26T12:00:00+01:00,2025-02-26T13:00:00+01:00,38771.4,84.26
2025-02-26T13:00:00+01:00,2025-02-26T14:00:00+01:00,39887.2,65.18
2025-02-26T14:00:00+01:00,2025-02-26T15:00:00+01:00,39205.8,54.59
2025-02-26T15:00:00+01:00,2025-02-26T16:00:00+01:00,37444.4,58.28
2025-02-26T16:00:00+01:00,2025-02-26T17:00:00+01:00,34399,71.98
2025-02-26T17:00:00+01:00,2025-02-26T18:00:00+01:00,35670.2,97
2025-02-26T18:00:00+01:00,2025-02-26T19:00:00+01:00,38374.6,126.37
2025-02-26T19:00:00+01:00,2025-02-26T20:00:00+01:00,38609,161.95
2025-02-26T20:00:00+01:00,2025-02-26T21:00:00+01:00,38267,131.05
2025-02-26T21:00:00+01:00,2025-02-26T22:00:00+01:00,37692.6,117.43
2025-02-26T22:00:00+01:00,2025-02-26T23:00:00+01:00,33507.4,121.84
2025-02-26T23:00:00+01:00,2025-02-27T00:00:00+01:00,30918.8,113.02
2025-02-27T00:00:00+01:00,2025-02-27T01:00:00+01:00,28542.2,102.25
2025-02-27T01:00:00+01:00,2025-02-27T02:00:00+01:00,27770.4,103.81
2025-02-27T02:00:00+01:00,2025-02-27T03:00:00+01:00,28393.8,101.3
2025-02-27T03:00:00+01:00,2025-02-27T04:00:00+01:00,29815.8,99.68
2025-02-27T04:00:00+01:00,2025-02-27T05:00:00+01:00,30711,100.39
2025-02-27T05:00:00+01:00,2025-02-27T06:00:00+01:00,29848.4,104.35
2025-02-27T06:00:00+01:00,2025-02-27T07:00:00+01:00,32574.2,117.14
2025-02-27T07:00:00+01:00,2025-02-27T08:00:00+01:00,37995.6,145
2025-02-27T08:00:00+01:00,2025-02-27T09:00:00+01:00,38353.4,159.47
2025-02-27T09:00:00+01:00,2025-02-27T10:00:00+01:00,37979.8,129.18
2025-02-27T10:00:00+01:00,2025-02-27T11:00:00+01:00,38722,109.49
2025-02-27T11:00:00+01:00,2025-02-27T12:00:00+01:00,38451.4,100.19
2025-02-27T12:00:00+01:00,2025-02-27T13:00:00+01:00,38582.8,93
2025-02-27T13:00:00+01:00,2025-02-27T14:00:00+01:00,35527.4,89
2025-02-27T14:00:00+01:00,2025-02-27T15:00:00+01:00,32881.6,86.8
2025-02-27T15:00:00+01:00,2025-02-27T16:00:00+01:00,31574.4,89
2025-02-27T16:00:00+01:00,2025-02-27T17:00:00+01:00,33363.6,100
2025-02-27T17:00:00+01:00,2025-02-27T18:00:00+01:00,34026.2,113.95
2025-02-27T18:00:00+01:00,2025-02-27T19:00:00+01:00,37224,136.13
2025-02-27T19:00:00+01:00,2025-02-27T20:00:00+01:00,34829.2,161.31
2025-02-27T20:00:00+01:00,2025-02-27T21:00:00+01:00,36223,143.75
2025-02-27T21:00:00+01:00,2025-02-27T22:00:00+01:00,34910,132.88
2025-02-27T22:00:00+01:00,2025-02-27T23:00:00+01:00,29761.6,122.31
2025-02-27T23:00:00+01:00,2025-02-28T00:00:00+01:00,27886,113.5
2025-02-28T00:00:00+01:00,2025-02-28T01:00:00+01:00,27383.2,115.59
2025-02-28T01:00:00+01:00,2025-02-28T02:00:00+01:00,28600.2,110.54
2025-02-28T02:00:00+01:00,2025-02-28T03:00:00+01:00,28897.6,109.38
2025-02-28T03:00:00+01:00,2025-02-28T04:00:00+01:00,30156.8,105.2
2025-02-28T04:00:00+01:00,2025-02-28T05:00:00+01:00,29457,104.49
2025-02-28T05:00:00+01:00,2025-02-28T06:00:00+01:00,28815.2,104.49
2025-02-28T06:00:00+01:00,2025-02-28T07:00:00+01:00,29730.4,116.93
2025-02-28T07:00:00+01:00,2025-02-28T08:00:00+01:00,31569,138.39
2025-02-28T08:00:00+01:00,2025-02-28T09:00:00+01:00,35967.6,152.94
2025-02-28T09:00:00+01:00,2025-02-28T10:00:00+01:00,35848.6,120.81
2025-02-28T10:00:00+01:00,2025-02-28T11:00:00+01:00,36746.6,105.34
2025-02-28T11:00:00+01:00,2025-02-28T12:00:00+01:00,37982.8,93
2025-02-28T12:00:00+01:00,2025-02-28T13:00:00+01:00,37025.8,91.08
2025-02-28T13:00:00+01:00,2025-02-28T14:00:00+01:00,35717.6,80.13
2025-02-28T14:00:00+01:00,2025-02-28T15:00:00+01:00,35419,85.2
2025-02-28T15:00:00+01:00,2025-02-28T16:00:00+01:00,33466.4,93.29
2025-02-28T16:00:00+01:00,2025-02-28T17:00:00+01:00,35131,96.74
2025-02-28T17:00:00+01:00,2025-02-28T18:00:00+01:00,35501.8,115.51
2025-02-28T18:00:00+01:00,2025-02-28T19:00:00+01:00,35342.6,124.74
2025-02-28T19:00:00+01:00,2025-02-28T20:00:00+01:00,35441,151.96
2025-02-28T20:00:00+01:00,2025-02-28T21:00:00+01:00,38661.8,134.27
2025-02-28T21:00:00+01:00,2025-02-28T22:00:00+01:00,37452.2,121.73
2025-02-28T22:00:00+01:00,2025-02-28T23:00:00+01:00,32407,114.72
2025-02-28T23:00:00+01:00,2025-03-01T00:00:00+01:00,29783.2,106.75
